2024/01/16 15:02:34,,[LGACDB01:1],"C:\GitRepos\cics-genapp-main\base\src\lgacus01.cbl",134,391,5,1,LGACUS01,"C:\GitRepos\cics-genapp-main\base\src\lgacus01.cbl",1,,"C:\GitRepos\cics-genapp-main\base\src\lgacus01.cbl"|134|391|5|1|0|[LGACDB01:1]|LGACUS01|"C:\GitRepos\cics-genapp-main\base\src\lgacus01.cbl"|1|false|true|2024/01/16 15:02:34,1,0,,,3,7
2024/01/16 15:02:39,,[LGAPVS01:1],"C:\GitRepos\cics-genapp-main\base\src\lgapdb01.cbl",243,391,5,1,LGAPDB01,"C:\GitRepos\cics-genapp-main\base\src\lgapdb01.cbl",1,,"C:\GitRepos\cics-genapp-main\base\src\lgapdb01.cbl"|243|391|5|1|0|[LGAPVS01:1]|LGAPDB01|"C:\GitRepos\cics-genapp-main\base\src\lgapdb01.cbl"|1|false|true|2024/01/16 15:02:39,1,0,,,4,9
2024/01/16 15:02:47,,[LGAPDB01:1],"C:\GitRepos\cics-genapp-main\base\src\lgapol01.cbl",121,391,5,1,LGAPOL01,"C:\GitRepos\cics-genapp-main\base\src\lgapol01.cbl",1,,"C:\GitRepos\cics-genapp-main\base\src\lgapol01.cbl"|121|391|5|1|0|[LGAPDB01:1]|LGAPOL01|"C:\GitRepos\cics-genapp-main\base\src\lgapol01.cbl"|1|false|true|2024/01/16 15:02:47,1,0,,,5,12
2024/01/16 15:02:53,,[LGDPVS01:1],"C:\GitRepos\cics-genapp-main\base\src\lgdpdb01.cbl",168,391,5,1,LGDPDB01,"C:\GitRepos\cics-genapp-main\base\src\lgdpdb01.cbl",1,,"C:\GitRepos\cics-genapp-main\base\src\lgdpdb01.cbl"|168|391|5|1|0|[LGDPVS01:1]|LGDPDB01|"C:\GitRepos\cics-genapp-main\base\src\lgdpdb01.cbl"|1|false|true|2024/01/16 15:02:53,1,0,,,6,15
2024/01/16 15:02:58,,[LGDPDB01:1],"C:\GitRepos\cics-genapp-main\base\src\lgdpol01.cbl",141,391,5,1,LGDPOL01,"C:\GitRepos\cics-genapp-main\base\src\lgdpol01.cbl",1,,"C:\GitRepos\cics-genapp-main\base\src\lgdpol01.cbl"|141|391|5|1|0|[LGDPDB01:1]|LGDPOL01|"C:\GitRepos\cics-genapp-main\base\src\lgdpol01.cbl"|1|false|true|2024/01/16 15:02:58,1,0,,,7,18
2024/01/16 15:03:03,,[LGICDB01:1],"C:\GitRepos\cics-genapp-main\base\src\lgicus01.cbl",122,391,5,1,LGICUS01,"C:\GitRepos\cics-genapp-main\base\src\lgicus01.cbl",1,,"C:\GitRepos\cics-genapp-main\base\src\lgicus01.cbl"|122|391|5|1|0|[LGICDB01:1]|LGICUS01|"C:\GitRepos\cics-genapp-main\base\src\lgicus01.cbl"|1|false|true|2024/01/16 15:03:03,1,0,,,8,21
2024/01/16 15:03:47,,[LGIPDB01:1],"C:\GitRepos\cics-genapp-main\base\src\lgipol01.cbl",91,391,5,1,LGIPOL01,"C:\GitRepos\cics-genapp-main\base\src\lgipol01.cbl",1,,"C:\GitRepos\cics-genapp-main\base\src\lgipol01.cbl"|91|391|5|1|0|[LGIPDB01:1]|LGIPOL01|"C:\GitRepos\cics-genapp-main\base\src\lgipol01.cbl"|1|false|true|2024/01/16 15:03:47,1,0,,,9,26
2024/01/16 15:04:25,,[LGUCDB01:1],"C:\GitRepos\cics-genapp-main\base\src\lgucus01.cbl",128,391,5,1,LGUCUS01,"C:\GitRepos\cics-genapp-main\base\src\lgucus01.cbl",1,,"C:\GitRepos\cics-genapp-main\base\src\lgucus01.cbl"|128|391|5|1|0|[LGUCDB01:1]|LGUCUS01|"C:\GitRepos\cics-genapp-main\base\src\lgucus01.cbl"|1|false|true|2024/01/16 15:04:25,1,0,,,10,30
2024/01/16 15:04:55,,[LGUPDB01:1],"C:\GitRepos\cics-genapp-main\base\src\lgupol01.cbl",157,391,5,1,LGUPOL01,"C:\GitRepos\cics-genapp-main\base\src\lgupol01.cbl",1,,"C:\GitRepos\cics-genapp-main\base\src\lgupol01.cbl"|157|391|5|1|0|[LGUPDB01:1]|LGUPOL01|"C:\GitRepos\cics-genapp-main\base\src\lgupol01.cbl"|1|false|true|2024/01/16 15:04:55,1,0,,,11,32
2024/01/16 15:06:41,,[LGUCVS01:1],"C:\GitRepos\cics-genapp-main\base\src\lgucdb01.cbl",136,391,5,1,LGUCDB01,"C:\GitRepos\cics-genapp-main\base\src\lgucdb01.cbl",1,,"C:\GitRepos\cics-genapp-main\base\src\lgucdb01.cbl"|136|391|5|1|0|[LGUCVS01:1]|LGUCDB01|"C:\GitRepos\cics-genapp-main\base\src\lgucdb01.cbl"|1|false|true|2024/01/16 15:06:41,1,0,,,12,36
2024/01/16 15:06:49,,[LGUPVS01:1],"C:\GitRepos\cics-genapp-main\base\src\lgupdb01.cbl",209,391,5,1,LGUPDB01,"C:\GitRepos\cics-genapp-main\base\src\lgupdb01.cbl",1,,"C:\GitRepos\cics-genapp-main\base\src\lgupdb01.cbl"|209|391|5|1|0|[LGUPVS01:1]|LGUPDB01|"C:\GitRepos\cics-genapp-main\base\src\lgupdb01.cbl"|1|false|true|2024/01/16 15:06:49,1,0,,,13,41
2024/01/18 15:56:17,,[LGACVS01:1],"C:\GitRepos\cics-genapp-main\base\src\lgacdb01.cbl",174,391,5,1,LGACDB01,"C:\GitRepos\cics-genapp-main\base\src\lgacdb01.cbl",1,,"C:\GitRepos\cics-genapp-main\base\src\lgacdb01.cbl"|174|391|5|1|0|[LGACVS01:1]|LGACDB01|"C:\GitRepos\cics-genapp-main\base\src\lgacdb01.cbl"|1|false|true|2024/01/18 15:56:17,1,0,,,14,1
2024/01/18 15:56:17,,[LGACDB02:1],"C:\GitRepos\cics-genapp-main\base\src\lgacdb01.cbl",186,391,5,1,LGACDB01,"C:\GitRepos\cics-genapp-main\base\src\lgacdb01.cbl",1,,"C:\GitRepos\cics-genapp-main\base\src\lgacdb01.cbl"|186|391|5|1|0|[LGACDB02:1]|LGACDB01|"C:\GitRepos\cics-genapp-main\base\src\lgacdb01.cbl"|1|false|true|2024/01/18 15:56:17,1,0,,,15,1
