<FlowChart xmlns="http://www.EZL.com//FlowChart" xmlns:xsi="http://www.w3.org/2001/XMLSchema-instance" xsi:schemaLocation="FlowChart.xsd"><Files xmlns=""><File id="F_1" Name="C:\GitRepos\cics-genapp-main\base\src\lgacdb01.cbl"/><File id="F_2" Name="C:\GitRepos\cics-genapp-main\base\src\LGPOLICY.cpy"/><File id="F_4" Name="C:\GitRepos\cics-genapp-main\base\src\LGCMAREA.cpy"/></Files><Sections xmlns=""><Section Name="MAINLINE"><StartPos FileId="F_1" Row="128" Column="8"/><EndPos FileId="F_1" Row="128" Column="16"/><Paragraph id="P_163" Name="MAINLINE_FIRST_SENTENCES" FallThrough="0"><StartPos FileId="F_1" Row="128" Column="8"/><EndPos FileId="F_1" Row="128" Column="16"/><Statements><Statement><StartPos FileId="F_1" Row="134" Column="12"/><EndPos FileId="F_1" Row="134" Column="32"/></Statement><Statement><StartPos FileId="F_1" Row="136" Column="12"/><EndPos FileId="F_1" Row="136" Column="39"/></Statement><Statement><StartPos FileId="F_1" Row="137" Column="12"/><EndPos FileId="F_1" Row="137" Column="38"/></Statement><Statement><StartPos FileId="F_1" Row="138" Column="12"/><EndPos FileId="F_1" Row="138" Column="39"/></Statement><Statement><StartPos FileId="F_1" Row="143" Column="12"/><EndPos FileId="F_1" Row="143" Column="39"/></Statement><IfStatement><StartPos FileId="F_1" Row="149" Column="12"/><EndPos FileId="F_1" Row="149" Column="40"/><Then><Statement><StartPos FileId="F_1" Row="150" Column="16"/><EndPos FileId="F_1" Row="150" Column="59"/></Statement><FlowControlStatement><StartPos FileId="F_1" Row="151" Column="16"/><EndPos FileId="F_1" Row="151" Column="43"/><ParagraphRef IdRef="P_167"/></FlowControlStatement><Statement><StartPos FileId="F_1" Row="152" Column="26"/><EndPos FileId="F_1" Row="152" Column="53"/></Statement></Then></IfStatement><Statement><StartPos FileId="F_1" Row="156" Column="12"/><EndPos FileId="F_1" Row="156" Column="39"/></Statement><Statement><StartPos FileId="F_1" Row="157" Column="12"/><EndPos FileId="F_1" Row="157" Column="37"/></Statement><Statement><StartPos FileId="F_1" Row="158" Column="12"/><EndPos FileId="F_1" Row="158" Column="61"/></Statement><Statement><StartPos FileId="F_1" Row="161" Column="12"/><EndPos FileId="F_1" Row="161" Column="54"/></Statement><Statement><StartPos FileId="F_1" Row="162" Column="12"/><EndPos FileId="F_1" Row="162" Column="54"/></Statement><IfStatement><StartPos FileId="F_1" Row="165" Column="12"/><EndPos FileId="F_1" Row="165" Column="55"/><Then><Statement><StartPos FileId="F_1" Row="166" Column="14"/><EndPos FileId="F_1" Row="166" Column="41"/></Statement><Statement><StartPos FileId="F_1" Row="167" Column="24"/><EndPos FileId="F_1" Row="167" Column="30"/></Statement></Then></IfStatement><FlowControlStatement><StartPos FileId="F_1" Row="171" Column="12"/><EndPos FileId="F_1" Row="171" Column="42"/><ParagraphRef IdRef="P_165"/></FlowControlStatement><FlowControlStatement><StartPos FileId="F_1" Row="172" Column="12"/><EndPos FileId="F_1" Row="172" Column="35"/><ParagraphRef IdRef="P_166"/></FlowControlStatement><Statement><StartPos FileId="F_1" Row="174" Column="22"/><EndPos FileId="F_1" Row="176" Column="28"/></Statement><Statement><StartPos FileId="F_1" Row="179" Column="12"/><EndPos FileId="F_1" Row="179" Column="55"/></Statement><Statement><StartPos FileId="F_1" Row="180" Column="12"/><EndPos FileId="F_1" Row="180" Column="47"/></Statement><Statement><StartPos FileId="F_1" Row="181" Column="12"/><EndPos FileId="F_1" Row="182" Column="50"/></Statement><Statement><StartPos FileId="F_1" Row="183" Column="12"/><EndPos FileId="F_1" Row="183" Column="51"/></Statement><Statement><StartPos FileId="F_1" Row="184" Column="12"/><EndPos FileId="F_1" Row="184" Column="51"/></Statement><Statement><StartPos FileId="F_1" Row="186" Column="22"/><EndPos FileId="F_1" Row="188" Column="30"/></Statement><Statement><StartPos FileId="F_1" Row="192" Column="22"/><EndPos FileId="F_1" Row="192" Column="28"/></Statement></Statements></Paragraph><Paragraph id="P_164" Name="MAINLINE-EXIT" FallThrough="0"><StartPos FileId="F_1" Row="194" Column="8"/><EndPos FileId="F_1" Row="194" Column="21"/><Statements><ExitStatement><StartPos FileId="F_1" Row="195" Column="12"/><EndPos FileId="F_1" Row="195" Column="16"/></ExitStatement></Statements></Paragraph><Paragraph id="P_165" Name="Obtain-CUSTOMER-Number" FallThrough="0"><StartPos FileId="F_1" Row="199" Column="8"/><EndPos FileId="F_1" Row="199" Column="30"/><Statements><Statement><StartPos FileId="F_1" Row="201" Column="22"/><EndPos FileId="F_1" Row="204" Column="39"/></Statement><IfStatement><StartPos FileId="F_1" Row="206" Column="12"/><EndPos FileId="F_1" Row="206" Column="44"/><Then><Statement><StartPos FileId="F_1" Row="207" Column="14"/><EndPos FileId="F_1" Row="207" Column="35"/></Statement><Statement><StartPos FileId="F_1" Row="208" Column="14"/><EndPos FileId="F_1" Row="208" Column="44"/></Statement></Then><Else><Statement><StartPos FileId="F_1" Row="210" Column="14"/><EndPos FileId="F_1" Row="210" Column="54"/></Statement></Else></IfStatement></Statements></Paragraph><Paragraph id="P_166" Name="INSERT-CUSTOMER" FallThrough="0"><StartPos FileId="F_1" Row="215" Column="8"/><EndPos FileId="F_1" Row="215" Column="23"/><Statements><Statement><StartPos FileId="F_1" Row="219" Column="12"/><EndPos FileId="F_1" Row="219" Column="48"/></Statement><IfStatement><StartPos FileId="F_1" Row="221" Column="12"/><EndPos FileId="F_1" Row="222" Column="18"/><Then><Statement><StartPos FileId="F_1" Row="223" Column="14"/><EndPos FileId="F_1" Row="243" Column="49"/></Statement><IfStatement><StartPos FileId="F_1" Row="245" Column="14"/><EndPos FileId="F_1" Row="245" Column="36"/><Then><Statement><StartPos FileId="F_1" Row="246" Column="16"/><EndPos FileId="F_1" Row="246" Column="43"/></Statement><FlowControlStatement><StartPos FileId="F_1" Row="247" Column="16"/><EndPos FileId="F_1" Row="247" Column="43"/><ParagraphRef IdRef="P_167"/></FlowControlStatement><Statement><StartPos FileId="F_1" Row="248" Column="26"/><EndPos FileId="F_1" Row="248" Column="32"/></Statement></Then></IfStatement></Then><Else><Statement><StartPos FileId="F_1" Row="252" Column="14"/><EndPos FileId="F_1" Row="272" Column="47"/></Statement><IfStatement><StartPos FileId="F_1" Row="274" Column="14"/><EndPos FileId="F_1" Row="274" Column="36"/><Then><Statement><StartPos FileId="F_1" Row="275" Column="16"/><EndPos FileId="F_1" Row="275" Column="43"/></Statement><FlowControlStatement><StartPos FileId="F_1" Row="276" Column="16"/><EndPos FileId="F_1" Row="276" Column="43"/><ParagraphRef IdRef="P_167"/></FlowControlStatement><Statement><StartPos FileId="F_1" Row="277" Column="26"/><EndPos FileId="F_1" Row="277" Column="32"/></Statement></Then></IfStatement><Statement><StartPos FileId="F_1" Row="281" Column="16"/><EndPos FileId="F_1" Row="281" Column="65"/></Statement></Else></IfStatement><Statement><StartPos FileId="F_1" Row="285" Column="12"/><EndPos FileId="F_1" Row="285" Column="55"/></Statement><ExitStatement><StartPos FileId="F_1" Row="287" Column="12"/><EndPos FileId="F_1" Row="287" Column="16"/></ExitStatement></Statements></Paragraph><Paragraph id="P_167" Name="WRITE-ERROR-MESSAGE" FallThrough="0"><StartPos FileId="F_1" Row="295" Column="8"/><EndPos FileId="F_1" Row="295" Column="27"/><Statements><Statement><StartPos FileId="F_1" Row="297" Column="12"/><EndPos FileId="F_1" Row="297" Column="36"/></Statement><Statement><StartPos FileId="F_1" Row="299" Column="22"/><EndPos FileId="F_1" Row="299" Column="49"/></Statement><Statement><StartPos FileId="F_1" Row="301" Column="22"/><EndPos FileId="F_1" Row="303" Column="35"/></Statement><Statement><StartPos FileId="F_1" Row="305" Column="12"/><EndPos FileId="F_1" Row="305" Column="35"/></Statement><Statement><StartPos FileId="F_1" Row="306" Column="12"/><EndPos FileId="F_1" Row="306" Column="35"/></Statement><Statement><StartPos FileId="F_1" Row="308" Column="22"/><EndPos FileId="F_1" Row="310" Column="49"/></Statement><IfStatement><StartPos FileId="F_1" Row="313" Column="12"/><EndPos FileId="F_1" Row="313" Column="27"/><Then><IfStatement><StartPos FileId="F_1" Row="314" Column="14"/><EndPos FileId="F_1" Row="314" Column="30"/><Then><Statement><StartPos FileId="F_1" Row="315" Column="16"/><EndPos FileId="F_1" Row="315" Column="55"/></Statement><Statement><StartPos FileId="F_1" Row="316" Column="26"/><EndPos FileId="F_1" Row="318" Column="56"/></Statement></Then><Else><Statement><StartPos FileId="F_1" Row="321" Column="16"/><EndPos FileId="F_1" Row="321" Column="49"/></Statement><Statement><StartPos FileId="F_1" Row="322" Column="26"/><EndPos FileId="F_1" Row="324" Column="56"/></Statement></Else></IfStatement></Then></IfStatement><ExitStatement><StartPos FileId="F_1" Row="328" Column="12"/><EndPos FileId="F_1" Row="328" Column="16"/></ExitStatement></Statements></Paragraph></Section></Sections></FlowChart>
