<FlowChart xmlns="http://www.EZL.com//FlowChart" xmlns:xsi="http://www.w3.org/2001/XMLSchema-instance" xsi:schemaLocation="FlowChart.xsd"><Files xmlns=""><File id="F_5" Name="C:\GitRepos\cics-genapp-main\base\src\lgacdb02.cbl"/><File id="F_2" Name="C:\GitRepos\cics-genapp-main\base\src\LGPOLICY.cpy"/></Files><Sections xmlns=""><Section Name="MAINLINE"><StartPos FileId="F_5" Row="115" Column="8"/><EndPos FileId="F_5" Row="115" Column="16"/><Paragraph id="P_6" Name="MAINLINE_FIRST_SENTENCES" FallThrough="0"><StartPos FileId="F_5" Row="115" Column="8"/><EndPos FileId="F_5" Row="115" Column="16"/><Statements><Statement><StartPos FileId="F_5" Row="121" Column="12"/><EndPos FileId="F_5" Row="121" Column="32"/></Statement><Statement><StartPos FileId="F_5" Row="123" Column="12"/><EndPos FileId="F_5" Row="123" Column="39"/></Statement><Statement><StartPos FileId="F_5" Row="124" Column="12"/><EndPos FileId="F_5" Row="124" Column="38"/></Statement><Statement><StartPos FileId="F_5" Row="125" Column="12"/><EndPos FileId="F_5" Row="125" Column="39"/></Statement><IfStatement><StartPos FileId="F_5" Row="131" Column="12"/><EndPos FileId="F_5" Row="131" Column="40"/><Then><Statement><StartPos FileId="F_5" Row="132" Column="16"/><EndPos FileId="F_5" Row="132" Column="59"/></Statement><FlowControlStatement><StartPos FileId="F_5" Row="133" Column="16"/><EndPos FileId="F_5" Row="133" Column="43"/><ParagraphRef IdRef="P_9"/></FlowControlStatement><Statement><StartPos FileId="F_5" Row="134" Column="26"/><EndPos FileId="F_5" Row="134" Column="53"/></Statement></Then></IfStatement><Statement><StartPos FileId="F_5" Row="138" Column="12"/><EndPos FileId="F_5" Row="138" Column="39"/></Statement><Statement><StartPos FileId="F_5" Row="139" Column="12"/><EndPos FileId="F_5" Row="139" Column="37"/></Statement><Statement><StartPos FileId="F_5" Row="140" Column="12"/><EndPos FileId="F_5" Row="140" Column="61"/></Statement><SwitchState><StartPos FileId="F_5" Row="143" Column="12"/><EndPos FileId="F_5" Row="143" Column="20"/><Cases><Case><StartPos FileId="F_5" Row="145" Column="14"/><EndPos FileId="F_5" Row="145" Column="27"/><Statements><Statement><StartPos FileId="F_5" Row="146" Column="16"/><EndPos FileId="F_5" Row="146" Column="62"/></Statement><Statement><StartPos FileId="F_5" Row="147" Column="16"/><EndPos FileId="F_5" Row="147" Column="62"/></Statement><FlowControlStatement><StartPos FileId="F_5" Row="148" Column="16"/><EndPos FileId="F_5" Row="148" Column="48"/><ParagraphRef IdRef="P_8"/></FlowControlStatement></Statements></Case><Case IsOther="true"><StartPos FileId="F_5" Row="149" Column="19"/><EndPos FileId="F_5" Row="149" Column="32"/><Statements><Statement><StartPos FileId="F_5" Row="150" Column="16"/><EndPos FileId="F_5" Row="150" Column="43"/></Statement><Statement><StartPos FileId="F_5" Row="151" Column="26"/><EndPos FileId="F_5" Row="151" Column="32"/></Statement></Statements></Case></Cases></SwitchState><Statement><StartPos FileId="F_5" Row="155" Column="22"/><EndPos FileId="F_5" Row="155" Column="28"/></Statement></Statements></Paragraph><Paragraph id="P_7" Name="MAINLINE-EXIT" FallThrough="0"><StartPos FileId="F_5" Row="157" Column="8"/><EndPos FileId="F_5" Row="157" Column="21"/><Statements><ExitStatement><StartPos FileId="F_5" Row="158" Column="12"/><EndPos FileId="F_5" Row="158" Column="16"/></ExitStatement></Statements></Paragraph><Paragraph id="P_8" Name="INSERT-CUSTOMER-PASSWORD" FallThrough="0"><StartPos FileId="F_5" Row="161" Column="8"/><EndPos FileId="F_5" Row="161" Column="32"/><Statements><Statement><StartPos FileId="F_5" Row="165" Column="12"/><EndPos FileId="F_5" Row="165" Column="48"/></Statement><Statement><StartPos FileId="F_5" Row="167" Column="12"/><EndPos FileId="F_5" Row="175" Column="47"/></Statement><IfStatement><StartPos FileId="F_5" Row="178" Column="12"/><EndPos FileId="F_5" Row="178" Column="34"/><Then><Statement><StartPos FileId="F_5" Row="179" Column="14"/><EndPos FileId="F_5" Row="179" Column="41"/></Statement><FlowControlStatement><StartPos FileId="F_5" Row="180" Column="14"/><EndPos FileId="F_5" Row="180" Column="41"/><ParagraphRef IdRef="P_9"/></FlowControlStatement><Statement><StartPos FileId="F_5" Row="181" Column="24"/><EndPos FileId="F_5" Row="181" Column="30"/></Statement></Then></IfStatement><ExitStatement><StartPos FileId="F_5" Row="184" Column="12"/><EndPos FileId="F_5" Row="184" Column="16"/></ExitStatement></Statements></Paragraph><Paragraph id="P_9" Name="WRITE-ERROR-MESSAGE" FallThrough="0"><StartPos FileId="F_5" Row="192" Column="8"/><EndPos FileId="F_5" Row="192" Column="27"/><Statements><Statement><StartPos FileId="F_5" Row="194" Column="12"/><EndPos FileId="F_5" Row="194" Column="36"/></Statement><Statement><StartPos FileId="F_5" Row="196" Column="22"/><EndPos FileId="F_5" Row="196" Column="49"/></Statement><Statement><StartPos FileId="F_5" Row="198" Column="22"/><EndPos FileId="F_5" Row="200" Column="35"/></Statement><Statement><StartPos FileId="F_5" Row="202" Column="12"/><EndPos FileId="F_5" Row="202" Column="35"/></Statement><Statement><StartPos FileId="F_5" Row="203" Column="12"/><EndPos FileId="F_5" Row="203" Column="35"/></Statement><Statement><StartPos FileId="F_5" Row="205" Column="22"/><EndPos FileId="F_5" Row="207" Column="49"/></Statement><IfStatement><StartPos FileId="F_5" Row="210" Column="12"/><EndPos FileId="F_5" Row="210" Column="27"/><Then><IfStatement><StartPos FileId="F_5" Row="211" Column="14"/><EndPos FileId="F_5" Row="211" Column="30"/><Then><Statement><StartPos FileId="F_5" Row="212" Column="16"/><EndPos FileId="F_5" Row="212" Column="55"/></Statement><Statement><StartPos FileId="F_5" Row="213" Column="26"/><EndPos FileId="F_5" Row="215" Column="56"/></Statement></Then><Else><Statement><StartPos FileId="F_5" Row="218" Column="16"/><EndPos FileId="F_5" Row="218" Column="49"/></Statement><Statement><StartPos FileId="F_5" Row="219" Column="26"/><EndPos FileId="F_5" Row="221" Column="56"/></Statement></Else></IfStatement></Then></IfStatement><ExitStatement><StartPos FileId="F_5" Row="225" Column="12"/><EndPos FileId="F_5" Row="225" Column="16"/></ExitStatement></Statements></Paragraph></Section></Sections></FlowChart>
