<FlowChart xmlns="http://www.EZL.com//FlowChart" xmlns:xsi="http://www.w3.org/2001/XMLSchema-instance" xsi:schemaLocation="FlowChart.xsd"><Files xmlns=""><File id="F_6" Name="C:\GitRepos\cics-genapp-main\base\src\lgacus01.cbl"/><File id="F_2" Name="C:\GitRepos\cics-genapp-main\base\src\LGPOLICY.cpy"/><File id="F_4" Name="C:\GitRepos\cics-genapp-main\base\src\LGCMAREA.cpy"/></Files><Sections xmlns=""><Section Name="MAINLINE"><StartPos FileId="F_6" Row="78" Column="8"/><EndPos FileId="F_6" Row="78" Column="16"/><Paragraph id="P_10" Name="MAINLINE_FIRST_SENTENCES" FallThrough="0"><StartPos FileId="F_6" Row="78" Column="8"/><EndPos FileId="F_6" Row="78" Column="16"/><Statements><Statement><StartPos FileId="F_6" Row="84" Column="12"/><EndPos FileId="F_6" Row="84" Column="32"/></Statement><Statement><StartPos FileId="F_6" Row="86" Column="12"/><EndPos FileId="F_6" Row="86" Column="39"/></Statement><Statement><StartPos FileId="F_6" Row="87" Column="12"/><EndPos FileId="F_6" Row="87" Column="38"/></Statement><Statement><StartPos FileId="F_6" Row="88" Column="12"/><EndPos FileId="F_6" Row="88" Column="39"/></Statement><IfStatement><StartPos FileId="F_6" Row="95" Column="12"/><EndPos FileId="F_6" Row="95" Column="40"/><Then><Statement><StartPos FileId="F_6" Row="96" Column="16"/><EndPos FileId="F_6" Row="96" Column="59"/></Statement><FlowControlStatement><StartPos FileId="F_6" Row="97" Column="16"/><EndPos FileId="F_6" Row="97" Column="43"/><ParagraphRef IdRef="P_13"/></FlowControlStatement><Statement><StartPos FileId="F_6" Row="98" Column="26"/><EndPos FileId="F_6" Row="98" Column="53"/></Statement></Then></IfStatement><Statement><StartPos FileId="F_6" Row="102" Column="12"/><EndPos FileId="F_6" Row="102" Column="39"/></Statement><Statement><StartPos FileId="F_6" Row="103" Column="12"/><EndPos FileId="F_6" Row="103" Column="40"/></Statement><Statement><StartPos FileId="F_6" Row="104" Column="12"/><EndPos FileId="F_6" Row="104" Column="37"/></Statement><Statement><StartPos FileId="F_6" Row="105" Column="12"/><EndPos FileId="F_6" Row="105" Column="61"/></Statement><Statement><StartPos FileId="F_6" Row="108" Column="12"/><EndPos FileId="F_6" Row="108" Column="54"/></Statement><Statement><StartPos FileId="F_6" Row="109" Column="12"/><EndPos FileId="F_6" Row="109" Column="54"/></Statement><IfStatement><StartPos FileId="F_6" Row="112" Column="12"/><EndPos FileId="F_6" Row="112" Column="55"/><Then><Statement><StartPos FileId="F_6" Row="113" Column="14"/><EndPos FileId="F_6" Row="113" Column="41"/></Statement><Statement><StartPos FileId="F_6" Row="114" Column="24"/><EndPos FileId="F_6" Row="114" Column="30"/></Statement></Then></IfStatement><FlowControlStatement><StartPos FileId="F_6" Row="119" Column="12"/><EndPos FileId="F_6" Row="119" Column="35"/><ParagraphRef IdRef="P_12"/></FlowControlStatement><Statement><StartPos FileId="F_6" Row="123" Column="22"/><EndPos FileId="F_6" Row="123" Column="28"/></Statement></Statements></Paragraph><Paragraph id="P_11" Name="MAINLINE-EXIT" FallThrough="0"><StartPos FileId="F_6" Row="125" Column="8"/><EndPos FileId="F_6" Row="125" Column="21"/><Statements><ExitStatement><StartPos FileId="F_6" Row="126" Column="12"/><EndPos FileId="F_6" Row="126" Column="16"/></ExitStatement></Statements></Paragraph><Paragraph id="P_12" Name="INSERT-CUSTOMER" FallThrough="0"><StartPos FileId="F_6" Row="132" Column="8"/><EndPos FileId="F_6" Row="132" Column="23"/><Statements><Statement><StartPos FileId="F_6" Row="134" Column="22"/><EndPos FileId="F_6" Row="136" Column="30"/></Statement><ExitStatement><StartPos FileId="F_6" Row="140" Column="12"/><EndPos FileId="F_6" Row="140" Column="16"/></ExitStatement></Statements></Paragraph><Paragraph id="P_13" Name="WRITE-ERROR-MESSAGE" FallThrough="0"><StartPos FileId="F_6" Row="147" Column="8"/><EndPos FileId="F_6" Row="147" Column="27"/><Statements><Statement><StartPos FileId="F_6" Row="150" Column="22"/><EndPos FileId="F_6" Row="150" Column="49"/></Statement><Statement><StartPos FileId="F_6" Row="152" Column="22"/><EndPos FileId="F_6" Row="154" Column="35"/></Statement><Statement><StartPos FileId="F_6" Row="156" Column="12"/><EndPos FileId="F_6" Row="156" Column="35"/></Statement><Statement><StartPos FileId="F_6" Row="157" Column="12"/><EndPos FileId="F_6" Row="157" Column="35"/></Statement><Statement><StartPos FileId="F_6" Row="159" Column="22"/><EndPos FileId="F_6" Row="161" Column="49"/></Statement><IfStatement><StartPos FileId="F_6" Row="164" Column="12"/><EndPos FileId="F_6" Row="164" Column="27"/><Then><IfStatement><StartPos FileId="F_6" Row="165" Column="14"/><EndPos FileId="F_6" Row="165" Column="30"/><Then><Statement><StartPos FileId="F_6" Row="166" Column="16"/><EndPos FileId="F_6" Row="166" Column="55"/></Statement><Statement><StartPos FileId="F_6" Row="167" Column="26"/><EndPos FileId="F_6" Row="169" Column="56"/></Statement></Then><Else><Statement><StartPos FileId="F_6" Row="172" Column="16"/><EndPos FileId="F_6" Row="172" Column="49"/></Statement><Statement><StartPos FileId="F_6" Row="173" Column="26"/><EndPos FileId="F_6" Row="175" Column="56"/></Statement></Else></IfStatement></Then></IfStatement><ExitStatement><StartPos FileId="F_6" Row="179" Column="12"/><EndPos FileId="F_6" Row="179" Column="16"/></ExitStatement></Statements></Paragraph></Section></Sections></FlowChart>
