<FlowChart xmlns="http://www.EZL.com//FlowChart" xmlns:xsi="http://www.w3.org/2001/XMLSchema-instance" xsi:schemaLocation="FlowChart.xsd"><Files xmlns=""><File id="F_7" Name="C:\GitRepos\cics-genapp-main\base\src\lgacvs01.cbl"/><File id="F_4" Name="C:\GitRepos\cics-genapp-main\base\src\LGCMAREA.cpy"/></Files><Sections xmlns=""><Section Name="MAINLINE"><StartPos FileId="F_7" Row="63" Column="8"/><EndPos FileId="F_7" Row="63" Column="16"/><Paragraph id="P_14" Name="MAINLINE_FIRST_SENTENCES" FallThrough="2"><StartPos FileId="F_7" Row="63" Column="8"/><EndPos FileId="F_7" Row="63" Column="16"/><Statements><Statement><StartPos FileId="F_7" Row="66" Column="12"/><EndPos FileId="F_7" Row="66" Column="44"/></Statement><Statement><StartPos FileId="F_7" Row="68" Column="22"/><EndPos FileId="F_7" Row="73" Column="35"/></Statement><IfStatement><StartPos FileId="F_7" Row="75" Column="12"/><EndPos FileId="F_7" Row="75" Column="44"/><Then><Statement><StartPos FileId="F_7" Row="76" Column="14"/><EndPos FileId="F_7" Row="76" Column="39"/></Statement><Statement><StartPos FileId="F_7" Row="77" Column="14"/><EndPos FileId="F_7" Row="77" Column="41"/></Statement><FlowControlStatement><StartPos FileId="F_7" Row="78" Column="14"/><EndPos FileId="F_7" Row="78" Column="41"/><ParagraphRef IdRef="P_16"/></FlowControlStatement><Statement><StartPos FileId="F_7" Row="79" Column="24"/><EndPos FileId="F_7" Row="79" Column="51"/></Statement><Statement><StartPos FileId="F_7" Row="80" Column="24"/><EndPos FileId="F_7" Row="80" Column="30"/></Statement></Then></IfStatement></Statements></Paragraph><Paragraph id="P_15" Name="A-EXIT" FallThrough="0"><StartPos FileId="F_7" Row="85" Column="8"/><EndPos FileId="F_7" Row="85" Column="14"/><Statements><ExitStatement><StartPos FileId="F_7" Row="86" Column="12"/><EndPos FileId="F_7" Row="86" Column="16"/></ExitStatement><ExitStatement><StartPos FileId="F_7" Row="87" Column="12"/><EndPos FileId="F_7" Row="87" Column="18"/></ExitStatement></Statements></Paragraph><Paragraph id="P_16" Name="WRITE-ERROR-MESSAGE" FallThrough="0"><StartPos FileId="F_7" Row="89" Column="8"/><EndPos FileId="F_7" Row="89" Column="27"/><Statements><Statement><StartPos FileId="F_7" Row="90" Column="22"/><EndPos FileId="F_7" Row="90" Column="49"/></Statement><Statement><StartPos FileId="F_7" Row="92" Column="22"/><EndPos FileId="F_7" Row="94" Column="35"/></Statement><Statement><StartPos FileId="F_7" Row="97" Column="12"/><EndPos FileId="F_7" Row="97" Column="35"/></Statement><Statement><StartPos FileId="F_7" Row="98" Column="12"/><EndPos FileId="F_7" Row="98" Column="35"/></Statement><Statement><StartPos FileId="F_7" Row="99" Column="12"/><EndPos FileId="F_7" Row="99" Column="45"/></Statement><Statement><StartPos FileId="F_7" Row="100" Column="12"/><EndPos FileId="F_7" Row="100" Column="45"/></Statement><Statement><StartPos FileId="F_7" Row="101" Column="12"/><EndPos FileId="F_7" Row="101" Column="46"/></Statement><Statement><StartPos FileId="F_7" Row="102" Column="22"/><EndPos FileId="F_7" Row="104" Column="49"/></Statement><IfStatement><StartPos FileId="F_7" Row="106" Column="12"/><EndPos FileId="F_7" Row="106" Column="27"/><Then><IfStatement><StartPos FileId="F_7" Row="107" Column="14"/><EndPos FileId="F_7" Row="107" Column="30"/><Then><Statement><StartPos FileId="F_7" Row="108" Column="16"/><EndPos FileId="F_7" Row="108" Column="55"/></Statement><Statement><StartPos FileId="F_7" Row="109" Column="26"/><EndPos FileId="F_7" Row="111" Column="56"/></Statement></Then><Else><Statement><StartPos FileId="F_7" Row="114" Column="16"/><EndPos FileId="F_7" Row="114" Column="49"/></Statement><Statement><StartPos FileId="F_7" Row="115" Column="26"/><EndPos FileId="F_7" Row="117" Column="56"/></Statement></Else></IfStatement></Then></IfStatement><ExitStatement><StartPos FileId="F_7" Row="121" Column="12"/><EndPos FileId="F_7" Row="121" Column="16"/></ExitStatement></Statements></Paragraph></Section></Sections></FlowChart>
