<FlowChart xmlns="http://www.EZL.com//FlowChart" xmlns:xsi="http://www.w3.org/2001/XMLSchema-instance" xsi:schemaLocation="FlowChart.xsd"><Files xmlns=""><File id="F_10" Name="C:\GitRepos\cics-genapp-main\base\src\lgapvs01.cbl"/><File id="F_4" Name="C:\GitRepos\cics-genapp-main\base\src\LGCMAREA.cpy"/></Files><Sections xmlns=""><Section Name="MAINLINE"><StartPos FileId="F_10" Row="94" Column="8"/><EndPos FileId="F_10" Row="94" Column="16"/><Paragraph id="P_28" Name="MAINLINE_FIRST_SENTENCES" FallThrough="2"><StartPos FileId="F_10" Row="94" Column="8"/><EndPos FileId="F_10" Row="94" Column="16"/><Statements><Statement><StartPos FileId="F_10" Row="97" Column="12"/><EndPos FileId="F_10" Row="97" Column="44"/></Statement><Statement><StartPos FileId="F_10" Row="99" Column="12"/><EndPos FileId="F_10" Row="99" Column="52"/></Statement><Statement><StartPos FileId="F_10" Row="100" Column="12"/><EndPos FileId="F_10" Row="100" Column="52"/></Statement><Statement><StartPos FileId="F_10" Row="101" Column="12"/><EndPos FileId="F_10" Row="101" Column="54"/></Statement><SwitchState><StartPos FileId="F_10" Row="103" Column="12"/><EndPos FileId="F_10" Row="103" Column="20"/><Cases><Case><StartPos FileId="F_10" Row="105" Column="14"/><EndPos FileId="F_10" Row="105" Column="22"/><Statements><Statement><StartPos FileId="F_10" Row="106" Column="16"/><EndPos FileId="F_10" Row="106" Column="52"/></Statement><Statement><StartPos FileId="F_10" Row="107" Column="16"/><EndPos FileId="F_10" Row="107" Column="50"/></Statement><Statement><StartPos FileId="F_10" Row="108" Column="16"/><EndPos FileId="F_10" Row="108" Column="52"/></Statement></Statements></Case><Case><StartPos FileId="F_10" Row="110" Column="14"/><EndPos FileId="F_10" Row="110" Column="22"/><Statements><Statement><StartPos FileId="F_10" Row="111" Column="16"/><EndPos FileId="F_10" Row="111" Column="60"/></Statement><Statement><StartPos FileId="F_10" Row="112" Column="16"/><EndPos FileId="F_10" Row="112" Column="56"/></Statement><Statement><StartPos FileId="F_10" Row="113" Column="16"/><EndPos FileId="F_10" Row="113" Column="60"/></Statement><Statement><StartPos FileId="F_10" Row="114" Column="16"/><EndPos FileId="F_10" Row="114" Column="57"/></Statement><Statement><StartPos FileId="F_10" Row="115" Column="16"/><EndPos FileId="F_10" Row="115" Column="60"/></Statement></Statements></Case><Case><StartPos FileId="F_10" Row="117" Column="14"/><EndPos FileId="F_10" Row="117" Column="22"/><Statements><Statement><StartPos FileId="F_10" Row="118" Column="16"/><EndPos FileId="F_10" Row="118" Column="62"/></Statement><Statement><StartPos FileId="F_10" Row="119" Column="16"/><EndPos FileId="F_10" Row="119" Column="57"/></Statement><Statement><StartPos FileId="F_10" Row="120" Column="16"/><EndPos FileId="F_10" Row="120" Column="54"/></Statement><Statement><StartPos FileId="F_10" Row="121" Column="16"/><EndPos FileId="F_10" Row="121" Column="57"/></Statement><Statement><StartPos FileId="F_10" Row="122" Column="16"/><EndPos FileId="F_10" Row="122" Column="59"/></Statement></Statements></Case><Case><StartPos FileId="F_10" Row="124" Column="14"/><EndPos FileId="F_10" Row="124" Column="22"/><Statements><Statement><StartPos FileId="F_10" Row="125" Column="16"/><EndPos FileId="F_10" Row="125" Column="53"/></Statement><Statement><StartPos FileId="F_10" Row="126" Column="16"/><EndPos FileId="F_10" Row="126" Column="54"/></Statement><Statement><StartPos FileId="F_10" Row="127" Column="16"/><EndPos FileId="F_10" Row="127" Column="54"/></Statement><Statement><StartPos FileId="F_10" Row="128" Column="16"/><EndPos FileId="F_10" Row="128" Column="58"/></Statement></Statements></Case><Case IsOther="true"><StartPos FileId="F_10" Row="130" Column="19"/><EndPos FileId="F_10" Row="130" Column="32"/><Statements><Statement><StartPos FileId="F_10" Row="131" Column="16"/><EndPos FileId="F_10" Row="131" Column="45"/></Statement></Statements></Case></Cases></SwitchState><Statement><StartPos FileId="F_10" Row="135" Column="22"/><EndPos FileId="F_10" Row="140" Column="35"/></Statement><IfStatement><StartPos FileId="F_10" Row="142" Column="12"/><EndPos FileId="F_10" Row="142" Column="44"/><Then><Statement><StartPos FileId="F_10" Row="143" Column="14"/><EndPos FileId="F_10" Row="143" Column="39"/></Statement><Statement><StartPos FileId="F_10" Row="144" Column="14"/><EndPos FileId="F_10" Row="144" Column="41"/></Statement><FlowControlStatement><StartPos FileId="F_10" Row="145" Column="14"/><EndPos FileId="F_10" Row="145" Column="41"/><ParagraphRef IdRef="P_30"/></FlowControlStatement><Statement><StartPos FileId="F_10" Row="146" Column="24"/><EndPos FileId="F_10" Row="146" Column="30"/></Statement></Then></IfStatement></Statements></Paragraph><Paragraph id="P_29" Name="A-EXIT" FallThrough="0"><StartPos FileId="F_10" Row="151" Column="8"/><EndPos FileId="F_10" Row="151" Column="14"/><Statements><ExitStatement><StartPos FileId="F_10" Row="152" Column="12"/><EndPos FileId="F_10" Row="152" Column="16"/></ExitStatement><ExitStatement><StartPos FileId="F_10" Row="153" Column="12"/><EndPos FileId="F_10" Row="153" Column="18"/></ExitStatement></Statements></Paragraph><Paragraph id="P_30" Name="WRITE-ERROR-MESSAGE" FallThrough="0"><StartPos FileId="F_10" Row="155" Column="8"/><EndPos FileId="F_10" Row="155" Column="27"/><Statements><Statement><StartPos FileId="F_10" Row="156" Column="22"/><EndPos FileId="F_10" Row="156" Column="49"/></Statement><Statement><StartPos FileId="F_10" Row="158" Column="22"/><EndPos FileId="F_10" Row="160" Column="35"/></Statement><Statement><StartPos FileId="F_10" Row="163" Column="12"/><EndPos FileId="F_10" Row="163" Column="35"/></Statement><Statement><StartPos FileId="F_10" Row="164" Column="12"/><EndPos FileId="F_10" Row="164" Column="35"/></Statement><Statement><StartPos FileId="F_10" Row="165" Column="12"/><EndPos FileId="F_10" Row="165" Column="45"/></Statement><Statement><StartPos FileId="F_10" Row="166" Column="12"/><EndPos FileId="F_10" Row="166" Column="45"/></Statement><Statement><StartPos FileId="F_10" Row="167" Column="12"/><EndPos FileId="F_10" Row="167" Column="45"/></Statement><Statement><StartPos FileId="F_10" Row="168" Column="12"/><EndPos FileId="F_10" Row="168" Column="46"/></Statement><Statement><StartPos FileId="F_10" Row="169" Column="22"/><EndPos FileId="F_10" Row="171" Column="49"/></Statement><IfStatement><StartPos FileId="F_10" Row="173" Column="12"/><EndPos FileId="F_10" Row="173" Column="27"/><Then><IfStatement><StartPos FileId="F_10" Row="174" Column="14"/><EndPos FileId="F_10" Row="174" Column="30"/><Then><Statement><StartPos FileId="F_10" Row="175" Column="16"/><EndPos FileId="F_10" Row="175" Column="55"/></Statement><Statement><StartPos FileId="F_10" Row="176" Column="26"/><EndPos FileId="F_10" Row="178" Column="56"/></Statement></Then><Else><Statement><StartPos FileId="F_10" Row="181" Column="16"/><EndPos FileId="F_10" Row="181" Column="49"/></Statement><Statement><StartPos FileId="F_10" Row="182" Column="26"/><EndPos FileId="F_10" Row="184" Column="56"/></Statement></Else></IfStatement></Then></IfStatement><ExitStatement><StartPos FileId="F_10" Row="188" Column="12"/><EndPos FileId="F_10" Row="188" Column="16"/></ExitStatement></Statements></Paragraph></Section></Sections></FlowChart>
