<FlowChart xmlns="http://www.EZL.com//FlowChart" xmlns:xsi="http://www.w3.org/2001/XMLSchema-instance" xsi:schemaLocation="FlowChart.xsd"><Files xmlns=""><File id="F_8" Name="C:\GitRepos\cics-genapp-main\base\src\lgapdb01.cbl"/><File id="F_2" Name="C:\GitRepos\cics-genapp-main\base\src\LGPOLICY.cpy"/><File id="F_4" Name="C:\GitRepos\cics-genapp-main\base\src\LGCMAREA.cpy"/></Files><Sections xmlns=""><Section Name="MAINLINE"><StartPos FileId="F_8" Row="146" Column="8"/><EndPos FileId="F_8" Row="146" Column="16"/><Paragraph id="P_17" Name="MAINLINE_FIRST_SENTENCES" FallThrough="0"><StartPos FileId="F_8" Row="146" Column="8"/><EndPos FileId="F_8" Row="146" Column="16"/><Statements><Statement><StartPos FileId="F_8" Row="149" Column="12"/><EndPos FileId="F_8" Row="149" Column="32"/></Statement><Statement><StartPos FileId="F_8" Row="151" Column="12"/><EndPos FileId="F_8" Row="151" Column="39"/></Statement><Statement><StartPos FileId="F_8" Row="152" Column="12"/><EndPos FileId="F_8" Row="152" Column="38"/></Statement><Statement><StartPos FileId="F_8" Row="153" Column="12"/><EndPos FileId="F_8" Row="153" Column="39"/></Statement><Statement><StartPos FileId="F_8" Row="154" Column="12"/><EndPos FileId="F_8" Row="154" Column="37"/></Statement><Statement><StartPos FileId="F_8" Row="158" Column="12"/><EndPos FileId="F_8" Row="158" Column="38"/></Statement><Statement><StartPos FileId="F_8" Row="159" Column="12"/><EndPos FileId="F_8" Row="159" Column="39"/></Statement><IfStatement><StartPos FileId="F_8" Row="165" Column="12"/><EndPos FileId="F_8" Row="165" Column="40"/><Then><Statement><StartPos FileId="F_8" Row="166" Column="16"/><EndPos FileId="F_8" Row="166" Column="59"/></Statement><FlowControlStatement><StartPos FileId="F_8" Row="167" Column="16"/><EndPos FileId="F_8" Row="167" Column="43"/><ParagraphRef IdRef="P_24"/></FlowControlStatement><Statement><StartPos FileId="F_8" Row="168" Column="26"/><EndPos FileId="F_8" Row="168" Column="53"/></Statement></Then></IfStatement><Statement><StartPos FileId="F_8" Row="172" Column="12"/><EndPos FileId="F_8" Row="172" Column="39"/></Statement><Statement><StartPos FileId="F_8" Row="173" Column="12"/><EndPos FileId="F_8" Row="173" Column="61"/></Statement><Statement><StartPos FileId="F_8" Row="176" Column="12"/><EndPos FileId="F_8" Row="176" Column="55"/></Statement><Statement><StartPos FileId="F_8" Row="177" Column="12"/><EndPos FileId="F_8" Row="177" Column="55"/></Statement><Statement><StartPos FileId="F_8" Row="179" Column="12"/><EndPos FileId="F_8" Row="179" Column="45"/></Statement><Statement><StartPos FileId="F_8" Row="182" Column="12"/><EndPos FileId="F_8" Row="182" Column="54"/></Statement><SwitchState><StartPos FileId="F_8" Row="184" Column="12"/><EndPos FileId="F_8" Row="184" Column="20"/><Cases><Case><StartPos FileId="F_8" Row="186" Column="14"/><EndPos FileId="F_8" Row="186" Column="27"/><Statements><Statement><StartPos FileId="F_8" Row="187" Column="16"/><EndPos FileId="F_8" Row="187" Column="59"/></Statement><Statement><StartPos FileId="F_8" Row="188" Column="16"/><EndPos FileId="F_8" Row="188" Column="42"/></Statement></Statements></Case><Case><StartPos FileId="F_8" Row="190" Column="14"/><EndPos FileId="F_8" Row="190" Column="27"/><Statements><Statement><StartPos FileId="F_8" Row="191" Column="16"/><EndPos FileId="F_8" Row="191" Column="59"/></Statement><Statement><StartPos FileId="F_8" Row="192" Column="16"/><EndPos FileId="F_8" Row="192" Column="42"/></Statement></Statements></Case><Case><StartPos FileId="F_8" Row="194" Column="14"/><EndPos FileId="F_8" Row="194" Column="27"/><Statements><Statement><StartPos FileId="F_8" Row="195" Column="16"/><EndPos FileId="F_8" Row="195" Column="59"/></Statement><Statement><StartPos FileId="F_8" Row="196" Column="16"/><EndPos FileId="F_8" Row="196" Column="42"/></Statement></Statements></Case><Case><StartPos FileId="F_8" Row="198" Column="14"/><EndPos FileId="F_8" Row="198" Column="27"/><Statements><Statement><StartPos FileId="F_8" Row="199" Column="16"/><EndPos FileId="F_8" Row="199" Column="58"/></Statement><Statement><StartPos FileId="F_8" Row="200" Column="16"/><EndPos FileId="F_8" Row="200" Column="42"/></Statement></Statements></Case><Case IsOther="true"><StartPos FileId="F_8" Row="202" Column="19"/><EndPos FileId="F_8" Row="202" Column="32"/><Statements><Statement><StartPos FileId="F_8" Row="204" Column="16"/><EndPos FileId="F_8" Row="204" Column="43"/></Statement><Statement><StartPos FileId="F_8" Row="205" Column="26"/><EndPos FileId="F_8" Row="205" Column="32"/></Statement></Statements></Case></Cases></SwitchState><IfStatement><StartPos FileId="F_8" Row="210" Column="12"/><EndPos FileId="F_8" Row="210" Column="55"/><Then><Statement><StartPos FileId="F_8" Row="211" Column="14"/><EndPos FileId="F_8" Row="211" Column="41"/></Statement><Statement><StartPos FileId="F_8" Row="212" Column="24"/><EndPos FileId="F_8" Row="212" Column="30"/></Statement></Then></IfStatement><FlowControlStatement><StartPos FileId="F_8" Row="219" Column="12"/><EndPos FileId="F_8" Row="219" Column="33"/><ParagraphRef IdRef="P_19"/></FlowControlStatement><SwitchState><StartPos FileId="F_8" Row="223" Column="12"/><EndPos FileId="F_8" Row="223" Column="20"/><Cases><Case><StartPos FileId="F_8" Row="225" Column="14"/><EndPos FileId="F_8" Row="225" Column="27"/><Statements><FlowControlStatement><StartPos FileId="F_8" Row="226" Column="16"/><EndPos FileId="F_8" Row="226" Column="36"/><ParagraphRef IdRef="P_20"/></FlowControlStatement></Statements></Case><Case><StartPos FileId="F_8" Row="228" Column="14"/><EndPos FileId="F_8" Row="228" Column="27"/><Statements><FlowControlStatement><StartPos FileId="F_8" Row="229" Column="16"/><EndPos FileId="F_8" Row="229" Column="36"/><ParagraphRef IdRef="P_21"/></FlowControlStatement></Statements></Case><Case><StartPos FileId="F_8" Row="231" Column="14"/><EndPos FileId="F_8" Row="231" Column="27"/><Statements><FlowControlStatement><StartPos FileId="F_8" Row="232" Column="16"/><EndPos FileId="F_8" Row="232" Column="36"/><ParagraphRef IdRef="P_22"/></FlowControlStatement></Statements></Case><Case><StartPos FileId="F_8" Row="234" Column="14"/><EndPos FileId="F_8" Row="234" Column="27"/><Statements><FlowControlStatement><StartPos FileId="F_8" Row="235" Column="16"/><EndPos FileId="F_8" Row="235" Column="41"/><ParagraphRef IdRef="P_23"/></FlowControlStatement></Statements></Case><Case IsOther="true"><StartPos FileId="F_8" Row="237" Column="19"/><EndPos FileId="F_8" Row="237" Column="32"/><Statements><Statement><StartPos FileId="F_8" Row="239" Column="16"/><EndPos FileId="F_8" Row="239" Column="43"/></Statement></Statements></Case></Cases></SwitchState><Statement><StartPos FileId="F_8" Row="243" Column="24"/><EndPos FileId="F_8" Row="245" Column="30"/></Statement><Statement><StartPos FileId="F_8" Row="250" Column="22"/><EndPos FileId="F_8" Row="250" Column="28"/></Statement></Statements></Paragraph><Paragraph id="P_18" Name="MAINLINE-EXIT" FallThrough="0"><StartPos FileId="F_8" Row="252" Column="8"/><EndPos FileId="F_8" Row="252" Column="21"/><Statements><ExitStatement><StartPos FileId="F_8" Row="253" Column="12"/><EndPos FileId="F_8" Row="253" Column="16"/></ExitStatement></Statements></Paragraph><Paragraph id="P_19" Name="INSERT-POLICY" FallThrough="0"><StartPos FileId="F_8" Row="261" Column="8"/><EndPos FileId="F_8" Row="261" Column="21"/><Statements><Statement><StartPos FileId="F_8" Row="264" Column="12"/><EndPos FileId="F_8" Row="264" Column="48"/></Statement><Statement><StartPos FileId="F_8" Row="265" Column="12"/><EndPos FileId="F_8" Row="265" Column="46"/></Statement><Statement><StartPos FileId="F_8" Row="267" Column="12"/><EndPos FileId="F_8" Row="267" Column="46"/></Statement><Statement><StartPos FileId="F_8" Row="269" Column="12"/><EndPos FileId="F_8" Row="287" Column="49"/></Statement><SwitchState><StartPos FileId="F_8" Row="290" Column="12"/><EndPos FileId="F_8" Row="290" Column="20"/><Cases><Case><StartPos FileId="F_8" Row="292" Column="14"/><EndPos FileId="F_8" Row="292" Column="20"/><Statements><Statement><StartPos FileId="F_8" Row="293" Column="16"/><EndPos FileId="F_8" Row="293" Column="43"/></Statement></Statements></Case><Case><StartPos FileId="F_8" Row="295" Column="14"/><EndPos FileId="F_8" Row="295" Column="23"/><Statements><Statement><StartPos FileId="F_8" Row="296" Column="16"/><EndPos FileId="F_8" Row="296" Column="43"/></Statement><FlowControlStatement><StartPos FileId="F_8" Row="297" Column="16"/><EndPos FileId="F_8" Row="297" Column="43"/><ParagraphRef IdRef="P_24"/></FlowControlStatement><Statement><StartPos FileId="F_8" Row="298" Column="26"/><EndPos FileId="F_8" Row="298" Column="32"/></Statement></Statements></Case><Case IsOther="true"><StartPos FileId="F_8" Row="300" Column="19"/><EndPos FileId="F_8" Row="300" Column="32"/><Statements><Statement><StartPos FileId="F_8" Row="301" Column="16"/><EndPos FileId="F_8" Row="301" Column="43"/></Statement><FlowControlStatement><StartPos FileId="F_8" Row="302" Column="16"/><EndPos FileId="F_8" Row="302" Column="43"/><ParagraphRef IdRef="P_24"/></FlowControlStatement><Statement><StartPos FileId="F_8" Row="303" Column="26"/><EndPos FileId="F_8" Row="303" Column="32"/></Statement></Statements></Case></Cases></SwitchState><Statement><StartPos FileId="F_8" Row="309" Column="12"/><EndPos FileId="F_8" Row="309" Column="59"/></Statement><Statement><StartPos FileId="F_8" Row="311" Column="12"/><EndPos FileId="F_8" Row="311" Column="51"/></Statement><Statement><StartPos FileId="F_8" Row="313" Column="12"/><EndPos FileId="F_8" Row="313" Column="43"/></Statement><Statement><StartPos FileId="F_8" Row="317" Column="12"/><EndPos FileId="F_8" Row="320" Column="55"/></Statement><ExitStatement><StartPos FileId="F_8" Row="322" Column="12"/><EndPos FileId="F_8" Row="322" Column="16"/></ExitStatement></Statements></Paragraph><Paragraph id="P_20" Name="INSERT-ENDOW" FallThrough="0"><StartPos FileId="F_8" Row="327" Column="8"/><EndPos FileId="F_8" Row="327" Column="20"/><Statements><Statement><StartPos FileId="F_8" Row="330" Column="12"/><EndPos FileId="F_8" Row="330" Column="52"/></Statement><Statement><StartPos FileId="F_8" Row="331" Column="12"/><EndPos FileId="F_8" Row="331" Column="57"/></Statement><Statement><StartPos FileId="F_8" Row="333" Column="12"/><EndPos FileId="F_8" Row="333" Column="46"/></Statement><Statement><StartPos FileId="F_8" Row="339" Column="12"/><EndPos FileId="F_8" Row="340" Column="34"/></Statement><IfStatement><StartPos FileId="F_8" Row="342" Column="12"/><EndPos FileId="F_8" Row="342" Column="47"/><Then><Statement><StartPos FileId="F_8" Row="344" Column="15"/><EndPos FileId="F_8" Row="345" Column="49"/></Statement><Statement><StartPos FileId="F_8" Row="347" Column="15"/><EndPos FileId="F_8" Row="365" Column="51"/></Statement></Then><Else><Statement><StartPos FileId="F_8" Row="369" Column="15"/><EndPos FileId="F_8" Row="385" Column="51"/></Statement></Else></IfStatement><IfStatement><StartPos FileId="F_8" Row="389" Column="12"/><EndPos FileId="F_8" Row="389" Column="34"/><Then><Statement><StartPos FileId="F_8" Row="390" Column="14"/><EndPos FileId="F_8" Row="390" Column="41"/></Statement><FlowControlStatement><StartPos FileId="F_8" Row="391" Column="14"/><EndPos FileId="F_8" Row="391" Column="41"/><ParagraphRef IdRef="P_24"/></FlowControlStatement><Statement><StartPos FileId="F_8" Row="393" Column="24"/><EndPos FileId="F_8" Row="393" Column="51"/></Statement><Statement><StartPos FileId="F_8" Row="394" Column="24"/><EndPos FileId="F_8" Row="394" Column="30"/></Statement></Then></IfStatement><ExitStatement><StartPos FileId="F_8" Row="397" Column="12"/><EndPos FileId="F_8" Row="397" Column="16"/></ExitStatement></Statements></Paragraph><Paragraph id="P_21" Name="INSERT-HOUSE" FallThrough="0"><StartPos FileId="F_8" Row="402" Column="8"/><EndPos FileId="F_8" Row="402" Column="20"/><Statements><Statement><StartPos FileId="F_8" Row="405" Column="12"/><EndPos FileId="F_8" Row="405" Column="52"/></Statement><Statement><StartPos FileId="F_8" Row="406" Column="12"/><EndPos FileId="F_8" Row="406" Column="56"/></Statement><Statement><StartPos FileId="F_8" Row="408" Column="12"/><EndPos FileId="F_8" Row="408" Column="46"/></Statement><Statement><StartPos FileId="F_8" Row="410" Column="12"/><EndPos FileId="F_8" Row="424" Column="47"/></Statement><IfStatement><StartPos FileId="F_8" Row="427" Column="12"/><EndPos FileId="F_8" Row="427" Column="34"/><Then><Statement><StartPos FileId="F_8" Row="428" Column="14"/><EndPos FileId="F_8" Row="428" Column="41"/></Statement><FlowControlStatement><StartPos FileId="F_8" Row="429" Column="14"/><EndPos FileId="F_8" Row="429" Column="41"/><ParagraphRef IdRef="P_24"/></FlowControlStatement><Statement><StartPos FileId="F_8" Row="431" Column="24"/><EndPos FileId="F_8" Row="431" Column="51"/></Statement><Statement><StartPos FileId="F_8" Row="432" Column="24"/><EndPos FileId="F_8" Row="432" Column="30"/></Statement></Then></IfStatement><ExitStatement><StartPos FileId="F_8" Row="435" Column="12"/><EndPos FileId="F_8" Row="435" Column="16"/></ExitStatement></Statements></Paragraph><Paragraph id="P_22" Name="INSERT-MOTOR" FallThrough="0"><StartPos FileId="F_8" Row="440" Column="8"/><EndPos FileId="F_8" Row="440" Column="20"/><Statements><Statement><StartPos FileId="F_8" Row="443" Column="12"/><EndPos FileId="F_8" Row="443" Column="52"/></Statement><Statement><StartPos FileId="F_8" Row="444" Column="12"/><EndPos FileId="F_8" Row="444" Column="50"/></Statement><Statement><StartPos FileId="F_8" Row="445" Column="12"/><EndPos FileId="F_8" Row="445" Column="54"/></Statement><Statement><StartPos FileId="F_8" Row="446" Column="12"/><EndPos FileId="F_8" Row="446" Column="56"/></Statement><Statement><StartPos FileId="F_8" Row="448" Column="12"/><EndPos FileId="F_8" Row="448" Column="46"/></Statement><Statement><StartPos FileId="F_8" Row="450" Column="12"/><EndPos FileId="F_8" Row="470" Column="48"/></Statement><IfStatement><StartPos FileId="F_8" Row="473" Column="12"/><EndPos FileId="F_8" Row="473" Column="34"/><Then><Statement><StartPos FileId="F_8" Row="474" Column="14"/><EndPos FileId="F_8" Row="474" Column="41"/></Statement><FlowControlStatement><StartPos FileId="F_8" Row="475" Column="14"/><EndPos FileId="F_8" Row="475" Column="41"/><ParagraphRef IdRef="P_24"/></FlowControlStatement><Statement><StartPos FileId="F_8" Row="477" Column="24"/><EndPos FileId="F_8" Row="477" Column="51"/></Statement><Statement><StartPos FileId="F_8" Row="478" Column="24"/><EndPos FileId="F_8" Row="478" Column="30"/></Statement></Then></IfStatement><ExitStatement><StartPos FileId="F_8" Row="481" Column="12"/><EndPos FileId="F_8" Row="481" Column="16"/></ExitStatement></Statements></Paragraph><Paragraph id="P_23" Name="INSERT-COMMERCIAL" FallThrough="0"><StartPos FileId="F_8" Row="486" Column="8"/><EndPos FileId="F_8" Row="486" Column="25"/><Statements><Statement><StartPos FileId="F_8" Row="488" Column="12"/><EndPos FileId="F_8" Row="488" Column="60"/></Statement><Statement><StartPos FileId="F_8" Row="489" Column="12"/><EndPos FileId="F_8" Row="489" Column="62"/></Statement><Statement><StartPos FileId="F_8" Row="490" Column="12"/><EndPos FileId="F_8" Row="490" Column="61"/></Statement><Statement><StartPos FileId="F_8" Row="491" Column="12"/><EndPos FileId="F_8" Row="491" Column="63"/></Statement><Statement><StartPos FileId="F_8" Row="492" Column="12"/><EndPos FileId="F_8" Row="492" Column="61"/></Statement><Statement><StartPos FileId="F_8" Row="493" Column="12"/><EndPos FileId="F_8" Row="493" Column="63"/></Statement><Statement><StartPos FileId="F_8" Row="494" Column="12"/><EndPos FileId="F_8" Row="494" Column="63"/></Statement><Statement><StartPos FileId="F_8" Row="495" Column="12"/><EndPos FileId="F_8" Row="495" Column="65"/></Statement><Statement><StartPos FileId="F_8" Row="496" Column="12"/><EndPos FileId="F_8" Row="496" Column="57"/></Statement><Statement><StartPos FileId="F_8" Row="498" Column="12"/><EndPos FileId="F_8" Row="498" Column="46"/></Statement><Statement><StartPos FileId="F_8" Row="500" Column="12"/><EndPos FileId="F_8" Row="543" Column="52"/></Statement><IfStatement><StartPos FileId="F_8" Row="547" Column="12"/><EndPos FileId="F_8" Row="547" Column="34"/><Then><Statement><StartPos FileId="F_8" Row="548" Column="14"/><EndPos FileId="F_8" Row="548" Column="41"/></Statement><FlowControlStatement><StartPos FileId="F_8" Row="549" Column="14"/><EndPos FileId="F_8" Row="549" Column="41"/><ParagraphRef IdRef="P_24"/></FlowControlStatement><Statement><StartPos FileId="F_8" Row="551" Column="24"/><EndPos FileId="F_8" Row="551" Column="51"/></Statement><Statement><StartPos FileId="F_8" Row="552" Column="24"/><EndPos FileId="F_8" Row="552" Column="30"/></Statement></Then></IfStatement><ExitStatement><StartPos FileId="F_8" Row="555" Column="12"/><EndPos FileId="F_8" Row="555" Column="16"/></ExitStatement></Statements></Paragraph><Paragraph id="P_24" Name="WRITE-ERROR-MESSAGE" FallThrough="0"><StartPos FileId="F_8" Row="562" Column="8"/><EndPos FileId="F_8" Row="562" Column="27"/><Statements><Statement><StartPos FileId="F_8" Row="564" Column="12"/><EndPos FileId="F_8" Row="564" Column="36"/></Statement><Statement><StartPos FileId="F_8" Row="566" Column="22"/><EndPos FileId="F_8" Row="566" Column="47"/></Statement><Statement><StartPos FileId="F_8" Row="568" Column="22"/><EndPos FileId="F_8" Row="570" Column="33"/></Statement><Statement><StartPos FileId="F_8" Row="572" Column="12"/><EndPos FileId="F_8" Row="572" Column="33"/></Statement><Statement><StartPos FileId="F_8" Row="573" Column="12"/><EndPos FileId="F_8" Row="573" Column="33"/></Statement><Statement><StartPos FileId="F_8" Row="575" Column="22"/><EndPos FileId="F_8" Row="577" Column="49"/></Statement><IfStatement><StartPos FileId="F_8" Row="580" Column="12"/><EndPos FileId="F_8" Row="580" Column="27"/><Then><IfStatement><StartPos FileId="F_8" Row="581" Column="14"/><EndPos FileId="F_8" Row="581" Column="30"/><Then><Statement><StartPos FileId="F_8" Row="582" Column="16"/><EndPos FileId="F_8" Row="582" Column="55"/></Statement><Statement><StartPos FileId="F_8" Row="583" Column="26"/><EndPos FileId="F_8" Row="585" Column="56"/></Statement></Then><Else><Statement><StartPos FileId="F_8" Row="588" Column="16"/><EndPos FileId="F_8" Row="588" Column="49"/></Statement><Statement><StartPos FileId="F_8" Row="589" Column="26"/><EndPos FileId="F_8" Row="591" Column="56"/></Statement></Else></IfStatement></Then></IfStatement><ExitStatement><StartPos FileId="F_8" Row="595" Column="12"/><EndPos FileId="F_8" Row="595" Column="16"/></ExitStatement></Statements></Paragraph></Section></Sections></FlowChart>
