<FlowChart xmlns="http://www.EZL.com//FlowChart" xmlns:xsi="http://www.w3.org/2001/XMLSchema-instance" xsi:schemaLocation="FlowChart.xsd"><Files xmlns=""><File id="F_9" Name="C:\GitRepos\cics-genapp-main\base\src\lgapol01.cbl"/><File id="F_4" Name="C:\GitRepos\cics-genapp-main\base\src\LGCMAREA.cpy"/></Files><Sections xmlns=""><Section Name="MAINLINE"><StartPos FileId="F_9" Row="80" Column="8"/><EndPos FileId="F_9" Row="80" Column="16"/><Paragraph id="P_25" Name="MAINLINE_FIRST_SENTENCES" FallThrough="0"><StartPos FileId="F_9" Row="80" Column="8"/><EndPos FileId="F_9" Row="80" Column="16"/><Statements><Statement><StartPos FileId="F_9" Row="86" Column="12"/><EndPos FileId="F_9" Row="86" Column="32"/></Statement><Statement><StartPos FileId="F_9" Row="88" Column="12"/><EndPos FileId="F_9" Row="88" Column="39"/></Statement><Statement><StartPos FileId="F_9" Row="89" Column="12"/><EndPos FileId="F_9" Row="89" Column="38"/></Statement><Statement><StartPos FileId="F_9" Row="90" Column="12"/><EndPos FileId="F_9" Row="90" Column="39"/></Statement><Statement><StartPos FileId="F_9" Row="91" Column="12"/><EndPos FileId="F_9" Row="91" Column="37"/></Statement><IfStatement><StartPos FileId="F_9" Row="98" Column="12"/><EndPos FileId="F_9" Row="98" Column="40"/><Then><Statement><StartPos FileId="F_9" Row="99" Column="16"/><EndPos FileId="F_9" Row="99" Column="59"/></Statement><FlowControlStatement><StartPos FileId="F_9" Row="100" Column="16"/><EndPos FileId="F_9" Row="100" Column="43"/><ParagraphRef IdRef="P_27"/></FlowControlStatement><Statement><StartPos FileId="F_9" Row="101" Column="26"/><EndPos FileId="F_9" Row="101" Column="53"/></Statement></Then></IfStatement><Statement><StartPos FileId="F_9" Row="105" Column="12"/><EndPos FileId="F_9" Row="105" Column="39"/></Statement><Statement><StartPos FileId="F_9" Row="106" Column="12"/><EndPos FileId="F_9" Row="106" Column="61"/></Statement><Statement><StartPos FileId="F_9" Row="109" Column="12"/><EndPos FileId="F_9" Row="109" Column="54"/></Statement><IfStatement><StartPos FileId="F_9" Row="113" Column="12"/><EndPos FileId="F_9" Row="113" Column="55"/><Then><Statement><StartPos FileId="F_9" Row="114" Column="14"/><EndPos FileId="F_9" Row="114" Column="41"/></Statement><Statement><StartPos FileId="F_9" Row="115" Column="24"/><EndPos FileId="F_9" Row="115" Column="30"/></Statement></Then></IfStatement><Statement><StartPos FileId="F_9" Row="121" Column="22"/><EndPos FileId="F_9" Row="123" Column="30"/></Statement><Statement><StartPos FileId="F_9" Row="126" Column="22"/><EndPos FileId="F_9" Row="126" Column="28"/></Statement></Statements></Paragraph><Paragraph id="P_26" Name="MAINLINE-EXIT" FallThrough="0"><StartPos FileId="F_9" Row="128" Column="8"/><EndPos FileId="F_9" Row="128" Column="21"/><Statements><ExitStatement><StartPos FileId="F_9" Row="129" Column="12"/><EndPos FileId="F_9" Row="129" Column="16"/></ExitStatement></Statements></Paragraph><Paragraph id="P_27" Name="WRITE-ERROR-MESSAGE" FallThrough="0"><StartPos FileId="F_9" Row="137" Column="8"/><EndPos FileId="F_9" Row="137" Column="27"/><Statements><Statement><StartPos FileId="F_9" Row="140" Column="22"/><EndPos FileId="F_9" Row="140" Column="47"/></Statement><Statement><StartPos FileId="F_9" Row="142" Column="22"/><EndPos FileId="F_9" Row="144" Column="33"/></Statement><Statement><StartPos FileId="F_9" Row="146" Column="12"/><EndPos FileId="F_9" Row="146" Column="33"/></Statement><Statement><StartPos FileId="F_9" Row="147" Column="12"/><EndPos FileId="F_9" Row="147" Column="33"/></Statement><Statement><StartPos FileId="F_9" Row="149" Column="22"/><EndPos FileId="F_9" Row="151" Column="49"/></Statement><IfStatement><StartPos FileId="F_9" Row="154" Column="12"/><EndPos FileId="F_9" Row="154" Column="27"/><Then><IfStatement><StartPos FileId="F_9" Row="155" Column="14"/><EndPos FileId="F_9" Row="155" Column="30"/><Then><Statement><StartPos FileId="F_9" Row="156" Column="16"/><EndPos FileId="F_9" Row="156" Column="55"/></Statement><Statement><StartPos FileId="F_9" Row="157" Column="26"/><EndPos FileId="F_9" Row="159" Column="56"/></Statement></Then><Else><Statement><StartPos FileId="F_9" Row="162" Column="16"/><EndPos FileId="F_9" Row="162" Column="49"/></Statement><Statement><StartPos FileId="F_9" Row="163" Column="26"/><EndPos FileId="F_9" Row="165" Column="56"/></Statement></Else></IfStatement></Then></IfStatement><ExitStatement><StartPos FileId="F_9" Row="169" Column="12"/><EndPos FileId="F_9" Row="169" Column="16"/></ExitStatement></Statements></Paragraph></Section></Sections></FlowChart>
