<FlowChart xmlns="http://www.EZL.com//FlowChart" xmlns:xsi="http://www.w3.org/2001/XMLSchema-instance" xsi:schemaLocation="FlowChart.xsd"><Files xmlns=""><File id="F_11" Name="C:\GitRepos\cics-genapp-main\base\src\lgastat1.cbl"/><File id="F_4" Name="C:\GitRepos\cics-genapp-main\base\src\LGCMAREA.cpy"/></Files><Sections xmlns=""><Section Name="MAINLINE"><StartPos FileId="F_11" Row="69" Column="8"/><EndPos FileId="F_11" Row="69" Column="16"/><Paragraph id="P_31" Name="MAINLINE_FIRST_SENTENCES" FallThrough="0"><StartPos FileId="F_11" Row="69" Column="8"/><EndPos FileId="F_11" Row="69" Column="16"/><Statements><Statement><StartPos FileId="F_11" Row="72" Column="12"/><EndPos FileId="F_11" Row="72" Column="32"/></Statement><Statement><StartPos FileId="F_11" Row="74" Column="12"/><EndPos FileId="F_11" Row="74" Column="39"/></Statement><Statement><StartPos FileId="F_11" Row="75" Column="12"/><EndPos FileId="F_11" Row="75" Column="38"/></Statement><Statement><StartPos FileId="F_11" Row="76" Column="12"/><EndPos FileId="F_11" Row="76" Column="39"/></Statement><Statement><StartPos FileId="F_11" Row="77" Column="12"/><EndPos FileId="F_11" Row="77" Column="37"/></Statement><Statement><StartPos FileId="F_11" Row="79" Column="22"/><EndPos FileId="F_11" Row="81" Column="39"/></Statement><Statement><StartPos FileId="F_11" Row="84" Column="22"/><EndPos FileId="F_11" Row="86" Column="39"/></Statement><IfStatement><StartPos FileId="F_11" Row="89" Column="12"/><EndPos FileId="F_11" Row="89" Column="40"/><Then><Statement><StartPos FileId="F_11" Row="90" Column="14"/><EndPos FileId="F_11" Row="90" Column="47"/></Statement><Statement><StartPos FileId="F_11" Row="91" Column="14"/><EndPos FileId="F_11" Row="91" Column="44"/></Statement></Then><Else><IfStatement><StartPos FileId="F_11" Row="93" Column="14"/><EndPos FileId="F_11" Row="94" Column="27"/><Then><Statement><StartPos FileId="F_11" Row="94" Column="28"/><EndPos FileId="F_11" Row="94" Column="34"/></Statement></Then><Else><Statement><StartPos FileId="F_11" Row="96" Column="16"/><EndPos FileId="F_11" Row="96" Column="50"/></Statement><Statement><StartPos FileId="F_11" Row="97" Column="16"/><EndPos FileId="F_11" Row="97" Column="47"/></Statement></Else></IfStatement></Else></IfStatement><Statement><StartPos FileId="F_11" Row="101" Column="22"/><EndPos FileId="F_11" Row="104" Column="35"/></Statement><IfStatement><StartPos FileId="F_11" Row="106" Column="12"/><EndPos FileId="F_11" Row="107" Column="23"/><Then><Statement><StartPos FileId="F_11" Row="107" Column="24"/><EndPos FileId="F_11" Row="107" Column="51"/></Statement><Statement><StartPos FileId="F_11" Row="109" Column="24"/><EndPos FileId="F_11" Row="111" Column="37"/></Statement><Statement><StartPos FileId="F_11" Row="113" Column="14"/><EndPos FileId="F_11" Row="113" Column="39"/></Statement><Statement><StartPos FileId="F_11" Row="114" Column="14"/><EndPos FileId="F_11" Row="114" Column="39"/></Statement><Statement><StartPos FileId="F_11" Row="115" Column="24"/><EndPos FileId="F_11" Row="118" Column="37"/></Statement></Then></IfStatement><IfStatement><StartPos FileId="F_11" Row="122" Column="12"/><EndPos FileId="F_11" Row="122" Column="37"/><Then><Statement><StartPos FileId="F_11" Row="123" Column="38"/><EndPos FileId="F_11" Row="123" Column="66"/></Statement></Then></IfStatement><IfStatement><StartPos FileId="F_11" Row="124" Column="12"/><EndPos FileId="F_11" Row="126" Column="37"/><Then><Statement><StartPos FileId="F_11" Row="126" Column="38"/><EndPos FileId="F_11" Row="126" Column="66"/></Statement></Then></IfStatement><IfStatement><StartPos FileId="F_11" Row="127" Column="12"/><EndPos FileId="F_11" Row="127" Column="34"/><Then><Statement><StartPos FileId="F_11" Row="127" Column="35"/><EndPos FileId="F_11" Row="127" Column="56"/></Statement></Then></IfStatement><Statement><StartPos FileId="F_11" Row="129" Column="26"/><EndPos FileId="F_11" Row="132" Column="43"/></Statement><Statement><StartPos FileId="F_11" Row="135" Column="22"/><EndPos FileId="F_11" Row="135" Column="28"/></Statement></Statements></Paragraph><Paragraph id="P_32" Name="MAINLINE-EXIT" FallThrough="0"><StartPos FileId="F_11" Row="137" Column="8"/><EndPos FileId="F_11" Row="137" Column="21"/><Statements><ExitStatement><StartPos FileId="F_11" Row="138" Column="12"/><EndPos FileId="F_11" Row="138" Column="16"/></ExitStatement></Statements></Paragraph></Section></Sections></FlowChart>
