<FlowChart xmlns="http://www.EZL.com//FlowChart" xmlns:xsi="http://www.w3.org/2001/XMLSchema-instance" xsi:schemaLocation="FlowChart.xsd"><Files xmlns=""><File id="F_14" Name="C:\GitRepos\cics-genapp-main\base\src\lgdpvs01.cbl"/><File id="F_4" Name="C:\GitRepos\cics-genapp-main\base\src\LGCMAREA.cpy"/></Files><Sections xmlns=""><Section Name="MAINLINE"><StartPos FileId="F_14" Row="72" Column="8"/><EndPos FileId="F_14" Row="72" Column="16"/><Paragraph id="P_41" Name="MAINLINE_FIRST_SENTENCES" FallThrough="2"><StartPos FileId="F_14" Row="72" Column="8"/><EndPos FileId="F_14" Row="72" Column="16"/><Statements><Statement><StartPos FileId="F_14" Row="75" Column="12"/><EndPos FileId="F_14" Row="75" Column="44"/></Statement><Statement><StartPos FileId="F_14" Row="77" Column="12"/><EndPos FileId="F_14" Row="77" Column="52"/></Statement><Statement><StartPos FileId="F_14" Row="78" Column="12"/><EndPos FileId="F_14" Row="78" Column="52"/></Statement><Statement><StartPos FileId="F_14" Row="79" Column="12"/><EndPos FileId="F_14" Row="79" Column="54"/></Statement><Statement><StartPos FileId="F_14" Row="81" Column="22"/><EndPos FileId="F_14" Row="84" Column="35"/></Statement><IfStatement><StartPos FileId="F_14" Row="86" Column="12"/><EndPos FileId="F_14" Row="86" Column="44"/><Then><Statement><StartPos FileId="F_14" Row="87" Column="14"/><EndPos FileId="F_14" Row="87" Column="39"/></Statement><Statement><StartPos FileId="F_14" Row="88" Column="14"/><EndPos FileId="F_14" Row="88" Column="41"/></Statement><FlowControlStatement><StartPos FileId="F_14" Row="89" Column="14"/><EndPos FileId="F_14" Row="89" Column="41"/><ParagraphRef IdRef="P_43"/></FlowControlStatement><Statement><StartPos FileId="F_14" Row="90" Column="24"/><EndPos FileId="F_14" Row="90" Column="30"/></Statement></Then></IfStatement></Statements></Paragraph><Paragraph id="P_42" Name="A-EXIT" FallThrough="0"><StartPos FileId="F_14" Row="95" Column="8"/><EndPos FileId="F_14" Row="95" Column="14"/><Statements><ExitStatement><StartPos FileId="F_14" Row="96" Column="12"/><EndPos FileId="F_14" Row="96" Column="16"/></ExitStatement><ExitStatement><StartPos FileId="F_14" Row="97" Column="12"/><EndPos FileId="F_14" Row="97" Column="18"/></ExitStatement></Statements></Paragraph><Paragraph id="P_43" Name="WRITE-ERROR-MESSAGE" FallThrough="0"><StartPos FileId="F_14" Row="99" Column="8"/><EndPos FileId="F_14" Row="99" Column="27"/><Statements><Statement><StartPos FileId="F_14" Row="100" Column="22"/><EndPos FileId="F_14" Row="100" Column="49"/></Statement><Statement><StartPos FileId="F_14" Row="102" Column="22"/><EndPos FileId="F_14" Row="104" Column="35"/></Statement><Statement><StartPos FileId="F_14" Row="107" Column="12"/><EndPos FileId="F_14" Row="107" Column="35"/></Statement><Statement><StartPos FileId="F_14" Row="108" Column="12"/><EndPos FileId="F_14" Row="108" Column="35"/></Statement><Statement><StartPos FileId="F_14" Row="109" Column="12"/><EndPos FileId="F_14" Row="109" Column="45"/></Statement><Statement><StartPos FileId="F_14" Row="110" Column="12"/><EndPos FileId="F_14" Row="110" Column="43"/></Statement><Statement><StartPos FileId="F_14" Row="111" Column="12"/><EndPos FileId="F_14" Row="111" Column="45"/></Statement><Statement><StartPos FileId="F_14" Row="112" Column="12"/><EndPos FileId="F_14" Row="112" Column="46"/></Statement><Statement><StartPos FileId="F_14" Row="113" Column="22"/><EndPos FileId="F_14" Row="115" Column="49"/></Statement><IfStatement><StartPos FileId="F_14" Row="117" Column="12"/><EndPos FileId="F_14" Row="117" Column="27"/><Then><IfStatement><StartPos FileId="F_14" Row="118" Column="14"/><EndPos FileId="F_14" Row="118" Column="30"/><Then><Statement><StartPos FileId="F_14" Row="119" Column="16"/><EndPos FileId="F_14" Row="119" Column="55"/></Statement><Statement><StartPos FileId="F_14" Row="120" Column="26"/><EndPos FileId="F_14" Row="122" Column="56"/></Statement></Then><Else><Statement><StartPos FileId="F_14" Row="125" Column="16"/><EndPos FileId="F_14" Row="125" Column="49"/></Statement><Statement><StartPos FileId="F_14" Row="126" Column="26"/><EndPos FileId="F_14" Row="128" Column="56"/></Statement></Else></IfStatement></Then></IfStatement><ExitStatement><StartPos FileId="F_14" Row="132" Column="12"/><EndPos FileId="F_14" Row="132" Column="16"/></ExitStatement></Statements></Paragraph></Section></Sections></FlowChart>
