<FlowChart xmlns="http://www.EZL.com//FlowChart" xmlns:xsi="http://www.w3.org/2001/XMLSchema-instance" xsi:schemaLocation="FlowChart.xsd"><Files xmlns=""><File id="F_12" Name="C:\GitRepos\cics-genapp-main\base\src\lgdpdb01.cbl"/><File id="F_4" Name="C:\GitRepos\cics-genapp-main\base\src\LGCMAREA.cpy"/></Files><Sections xmlns=""><Section Name="MAINLINE"><StartPos FileId="F_12" Row="111" Column="8"/><EndPos FileId="F_12" Row="111" Column="16"/><Paragraph id="P_33" Name="MAINLINE_FIRST_SENTENCES" FallThrough="0"><StartPos FileId="F_12" Row="111" Column="8"/><EndPos FileId="F_12" Row="111" Column="16"/><Statements><Statement><StartPos FileId="F_12" Row="117" Column="12"/><EndPos FileId="F_12" Row="117" Column="32"/></Statement><Statement><StartPos FileId="F_12" Row="119" Column="12"/><EndPos FileId="F_12" Row="119" Column="39"/></Statement><Statement><StartPos FileId="F_12" Row="120" Column="12"/><EndPos FileId="F_12" Row="120" Column="38"/></Statement><Statement><StartPos FileId="F_12" Row="121" Column="12"/><EndPos FileId="F_12" Row="121" Column="39"/></Statement><Statement><StartPos FileId="F_12" Row="125" Column="12"/><EndPos FileId="F_12" Row="125" Column="38"/></Statement><IfStatement><StartPos FileId="F_12" Row="131" Column="12"/><EndPos FileId="F_12" Row="131" Column="40"/><Then><Statement><StartPos FileId="F_12" Row="132" Column="16"/><EndPos FileId="F_12" Row="132" Column="59"/></Statement><FlowControlStatement><StartPos FileId="F_12" Row="133" Column="16"/><EndPos FileId="F_12" Row="133" Column="43"/><ParagraphRef IdRef="P_36"/></FlowControlStatement><Statement><StartPos FileId="F_12" Row="134" Column="26"/><EndPos FileId="F_12" Row="134" Column="53"/></Statement></Then></IfStatement><Statement><StartPos FileId="F_12" Row="138" Column="12"/><EndPos FileId="F_12" Row="138" Column="39"/></Statement><Statement><StartPos FileId="F_12" Row="139" Column="12"/><EndPos FileId="F_12" Row="139" Column="37"/></Statement><Statement><StartPos FileId="F_12" Row="140" Column="12"/><EndPos FileId="F_12" Row="140" Column="61"/></Statement><IfStatement><StartPos FileId="F_12" Row="143" Column="12"/><EndPos FileId="F_12" Row="143" Column="53"/><Then><Statement><StartPos FileId="F_12" Row="144" Column="14"/><EndPos FileId="F_12" Row="144" Column="41"/></Statement><Statement><StartPos FileId="F_12" Row="145" Column="24"/><EndPos FileId="F_12" Row="145" Column="30"/></Statement></Then></IfStatement><Statement><StartPos FileId="F_12" Row="149" Column="12"/><EndPos FileId="F_12" Row="149" Column="55"/></Statement><Statement><StartPos FileId="F_12" Row="150" Column="12"/><EndPos FileId="F_12" Row="150" Column="53"/></Statement><Statement><StartPos FileId="F_12" Row="152" Column="12"/><EndPos FileId="F_12" Row="152" Column="45"/></Statement><Statement><StartPos FileId="F_12" Row="153" Column="12"/><EndPos FileId="F_12" Row="153" Column="45"/></Statement><IfStatement><StartPos FileId="F_12" Row="160" Column="12"/><EndPos FileId="F_12" Row="163" Column="54"/><Then><Statement><StartPos FileId="F_12" Row="165" Column="16"/><EndPos FileId="F_12" Row="165" Column="43"/></Statement></Then><Else><FlowControlStatement><StartPos FileId="F_12" Row="167" Column="16"/><EndPos FileId="F_12" Row="167" Column="46"/><ParagraphRef IdRef="P_35"/></FlowControlStatement><Statement><StartPos FileId="F_12" Row="168" Column="26"/><EndPos FileId="F_12" Row="170" Column="34"/></Statement></Else></IfStatement><Statement><StartPos FileId="F_12" Row="175" Column="22"/><EndPos FileId="F_12" Row="175" Column="28"/></Statement></Statements></Paragraph><Paragraph id="P_34" Name="MAINLINE-EXIT" FallThrough="0"><StartPos FileId="F_12" Row="177" Column="8"/><EndPos FileId="F_12" Row="177" Column="21"/><Statements><ExitStatement><StartPos FileId="F_12" Row="178" Column="12"/><EndPos FileId="F_12" Row="178" Column="16"/></ExitStatement></Statements></Paragraph><Paragraph id="P_35" Name="DELETE-POLICY-DB2-INFO" FallThrough="0"><StartPos FileId="F_12" Row="186" Column="8"/><EndPos FileId="F_12" Row="186" Column="30"/><Statements><Statement><StartPos FileId="F_12" Row="188" Column="12"/><EndPos FileId="F_12" Row="188" Column="48"/></Statement><Statement><StartPos FileId="F_12" Row="190" Column="12"/><EndPos FileId="F_12" Row="193" Column="65"/></Statement><IfStatement><StartPos FileId="F_12" Row="198" Column="12"/><EndPos FileId="F_12" Row="198" Column="34"/><Then><Statement><StartPos FileId="F_12" Row="199" Column="16"/><EndPos FileId="F_12" Row="199" Column="43"/></Statement><FlowControlStatement><StartPos FileId="F_12" Row="200" Column="16"/><EndPos FileId="F_12" Row="200" Column="43"/><ParagraphRef IdRef="P_36"/></FlowControlStatement><Statement><StartPos FileId="F_12" Row="201" Column="26"/><EndPos FileId="F_12" Row="201" Column="32"/></Statement></Then></IfStatement><ExitStatement><StartPos FileId="F_12" Row="204" Column="12"/><EndPos FileId="F_12" Row="204" Column="16"/></ExitStatement></Statements></Paragraph><Paragraph id="P_36" Name="WRITE-ERROR-MESSAGE" FallThrough="0"><StartPos FileId="F_12" Row="212" Column="8"/><EndPos FileId="F_12" Row="212" Column="27"/><Statements><Statement><StartPos FileId="F_12" Row="214" Column="12"/><EndPos FileId="F_12" Row="214" Column="36"/></Statement><Statement><StartPos FileId="F_12" Row="216" Column="22"/><EndPos FileId="F_12" Row="216" Column="49"/></Statement><Statement><StartPos FileId="F_12" Row="218" Column="22"/><EndPos FileId="F_12" Row="220" Column="35"/></Statement><Statement><StartPos FileId="F_12" Row="222" Column="12"/><EndPos FileId="F_12" Row="222" Column="35"/></Statement><Statement><StartPos FileId="F_12" Row="223" Column="12"/><EndPos FileId="F_12" Row="223" Column="35"/></Statement><Statement><StartPos FileId="F_12" Row="225" Column="22"/><EndPos FileId="F_12" Row="227" Column="49"/></Statement><IfStatement><StartPos FileId="F_12" Row="230" Column="12"/><EndPos FileId="F_12" Row="230" Column="27"/><Then><IfStatement><StartPos FileId="F_12" Row="231" Column="14"/><EndPos FileId="F_12" Row="231" Column="30"/><Then><Statement><StartPos FileId="F_12" Row="232" Column="16"/><EndPos FileId="F_12" Row="232" Column="55"/></Statement><Statement><StartPos FileId="F_12" Row="233" Column="26"/><EndPos FileId="F_12" Row="235" Column="56"/></Statement></Then><Else><Statement><StartPos FileId="F_12" Row="238" Column="16"/><EndPos FileId="F_12" Row="238" Column="49"/></Statement><Statement><StartPos FileId="F_12" Row="239" Column="26"/><EndPos FileId="F_12" Row="241" Column="56"/></Statement></Else></IfStatement></Then></IfStatement><ExitStatement><StartPos FileId="F_12" Row="245" Column="12"/><EndPos FileId="F_12" Row="245" Column="16"/></ExitStatement></Statements></Paragraph></Section></Sections></FlowChart>
