<FlowChart xmlns="http://www.EZL.com//FlowChart" xmlns:xsi="http://www.w3.org/2001/XMLSchema-instance" xsi:schemaLocation="FlowChart.xsd"><Files xmlns=""><File id="F_13" Name="C:\GitRepos\cics-genapp-main\base\src\lgdpol01.cbl"/><File id="F_4" Name="C:\GitRepos\cics-genapp-main\base\src\LGCMAREA.cpy"/></Files><Sections xmlns=""><Section Name="MAINLINE"><StartPos FileId="F_13" Row="78" Column="8"/><EndPos FileId="F_13" Row="78" Column="16"/><Paragraph id="P_37" Name="MAINLINE_FIRST_SENTENCES" FallThrough="0"><StartPos FileId="F_13" Row="78" Column="8"/><EndPos FileId="F_13" Row="78" Column="16"/><Statements><Statement><StartPos FileId="F_13" Row="84" Column="12"/><EndPos FileId="F_13" Row="84" Column="32"/></Statement><Statement><StartPos FileId="F_13" Row="86" Column="12"/><EndPos FileId="F_13" Row="86" Column="39"/></Statement><Statement><StartPos FileId="F_13" Row="87" Column="12"/><EndPos FileId="F_13" Row="87" Column="38"/></Statement><Statement><StartPos FileId="F_13" Row="88" Column="12"/><EndPos FileId="F_13" Row="88" Column="39"/></Statement><IfStatement><StartPos FileId="F_13" Row="95" Column="12"/><EndPos FileId="F_13" Row="95" Column="40"/><Then><Statement><StartPos FileId="F_13" Row="96" Column="16"/><EndPos FileId="F_13" Row="96" Column="59"/></Statement><FlowControlStatement><StartPos FileId="F_13" Row="97" Column="16"/><EndPos FileId="F_13" Row="97" Column="43"/><ParagraphRef IdRef="P_40"/></FlowControlStatement><Statement><StartPos FileId="F_13" Row="98" Column="26"/><EndPos FileId="F_13" Row="98" Column="53"/></Statement></Then></IfStatement><Statement><StartPos FileId="F_13" Row="102" Column="12"/><EndPos FileId="F_13" Row="102" Column="39"/></Statement><Statement><StartPos FileId="F_13" Row="103" Column="12"/><EndPos FileId="F_13" Row="103" Column="37"/></Statement><Statement><StartPos FileId="F_13" Row="104" Column="12"/><EndPos FileId="F_13" Row="104" Column="61"/></Statement><IfStatement><StartPos FileId="F_13" Row="107" Column="12"/><EndPos FileId="F_13" Row="107" Column="53"/><Then><Statement><StartPos FileId="F_13" Row="108" Column="14"/><EndPos FileId="F_13" Row="108" Column="41"/></Statement><Statement><StartPos FileId="F_13" Row="109" Column="24"/><EndPos FileId="F_13" Row="109" Column="30"/></Statement></Then></IfStatement><Statement><StartPos FileId="F_13" Row="117" Column="12"/><EndPos FileId="F_13" Row="117" Column="68"/></Statement><IfStatement><StartPos FileId="F_13" Row="119" Column="12"/><EndPos FileId="F_13" Row="122" Column="54"/><Then><Statement><StartPos FileId="F_13" Row="124" Column="16"/><EndPos FileId="F_13" Row="124" Column="43"/></Statement></Then><Else><FlowControlStatement><StartPos FileId="F_13" Row="126" Column="16"/><EndPos FileId="F_13" Row="126" Column="46"/><ParagraphRef IdRef="P_39"/></FlowControlStatement><IfStatement><StartPos FileId="F_13" Row="127" Column="16"/><EndPos FileId="F_13" Row="128" Column="27"/><Then><Statement><StartPos FileId="F_13" Row="128" Column="28"/><EndPos FileId="F_13" Row="128" Column="34"/></Statement></Then></IfStatement></Else></IfStatement><Statement><StartPos FileId="F_13" Row="133" Column="22"/><EndPos FileId="F_13" Row="133" Column="28"/></Statement></Statements></Paragraph><Paragraph id="P_38" Name="MAINLINE-EXIT" FallThrough="0"><StartPos FileId="F_13" Row="135" Column="8"/><EndPos FileId="F_13" Row="135" Column="21"/><Statements><ExitStatement><StartPos FileId="F_13" Row="136" Column="12"/><EndPos FileId="F_13" Row="136" Column="16"/></ExitStatement></Statements></Paragraph><Paragraph id="P_39" Name="DELETE-POLICY-DB2-INFO" FallThrough="0"><StartPos FileId="F_13" Row="139" Column="8"/><EndPos FileId="F_13" Row="139" Column="30"/><Statements><Statement><StartPos FileId="F_13" Row="141" Column="22"/><EndPos FileId="F_13" Row="143" Column="30"/></Statement><ExitStatement><StartPos FileId="F_13" Row="146" Column="12"/><EndPos FileId="F_13" Row="146" Column="16"/></ExitStatement></Statements></Paragraph><Paragraph id="P_40" Name="WRITE-ERROR-MESSAGE" FallThrough="0"><StartPos FileId="F_13" Row="154" Column="8"/><EndPos FileId="F_13" Row="154" Column="27"/><Statements><Statement><StartPos FileId="F_13" Row="157" Column="22"/><EndPos FileId="F_13" Row="157" Column="49"/></Statement><Statement><StartPos FileId="F_13" Row="159" Column="22"/><EndPos FileId="F_13" Row="161" Column="35"/></Statement><Statement><StartPos FileId="F_13" Row="163" Column="12"/><EndPos FileId="F_13" Row="163" Column="35"/></Statement><Statement><StartPos FileId="F_13" Row="164" Column="12"/><EndPos FileId="F_13" Row="164" Column="35"/></Statement><Statement><StartPos FileId="F_13" Row="166" Column="22"/><EndPos FileId="F_13" Row="168" Column="49"/></Statement><IfStatement><StartPos FileId="F_13" Row="171" Column="12"/><EndPos FileId="F_13" Row="171" Column="27"/><Then><IfStatement><StartPos FileId="F_13" Row="172" Column="14"/><EndPos FileId="F_13" Row="172" Column="30"/><Then><Statement><StartPos FileId="F_13" Row="173" Column="16"/><EndPos FileId="F_13" Row="173" Column="55"/></Statement><Statement><StartPos FileId="F_13" Row="174" Column="26"/><EndPos FileId="F_13" Row="176" Column="56"/></Statement></Then><Else><Statement><StartPos FileId="F_13" Row="179" Column="16"/><EndPos FileId="F_13" Row="179" Column="49"/></Statement><Statement><StartPos FileId="F_13" Row="180" Column="26"/><EndPos FileId="F_13" Row="182" Column="56"/></Statement></Else></IfStatement></Then></IfStatement><ExitStatement><StartPos FileId="F_13" Row="186" Column="12"/><EndPos FileId="F_13" Row="186" Column="16"/></ExitStatement></Statements></Paragraph></Section></Sections></FlowChart>
