<FlowChart xmlns="http://www.EZL.com//FlowChart" xmlns:xsi="http://www.w3.org/2001/XMLSchema-instance" xsi:schemaLocation="FlowChart.xsd"><Files xmlns=""><File id="F_17" Name="C:\GitRepos\cics-genapp-main\base\src\lgicvs01.cbl"/></Files><Sections xmlns=""><Section Name="MAINLINE"><StartPos FileId="F_17" Row="93" Column="8"/><EndPos FileId="F_17" Row="93" Column="16"/><Paragraph id="P_54" Name="MAINLINE_FIRST_SENTENCES" FallThrough="0"><StartPos FileId="F_17" Row="93" Column="8"/><EndPos FileId="F_17" Row="93" Column="16"/><Statements><Statement><StartPos FileId="F_17" Row="95" Column="12"/><EndPos FileId="F_17" Row="95" Column="34"/></Statement><Statement><StartPos FileId="F_17" Row="97" Column="22"/><EndPos FileId="F_17" Row="98" Column="30"/></Statement><Statement><StartPos FileId="F_17" Row="101" Column="22"/><EndPos FileId="F_17" Row="102" Column="30"/></Statement><Statement><StartPos FileId="F_17" Row="105" Column="22"/><EndPos FileId="F_17" Row="106" Column="30"/></Statement><IfStatement><StartPos FileId="F_17" Row="108" Column="12"/><EndPos FileId="F_17" Row="109" Column="41"/><Then><Statement><StartPos FileId="F_17" Row="110" Column="15"/><EndPos FileId="F_17" Row="110" Column="34"/></Statement><Statement><StartPos FileId="F_17" Row="111" Column="15"/><EndPos FileId="F_17" Row="111" Column="46"/></Statement><Statement><StartPos FileId="F_17" Row="112" Column="15"/><EndPos FileId="F_17" Row="112" Column="46"/></Statement></Then><Else><Statement><StartPos FileId="F_17" Row="114" Column="25"/><EndPos FileId="F_17" Row="116" Column="32"/></Statement><Statement><StartPos FileId="F_17" Row="118" Column="15"/><EndPos FileId="F_17" Row="118" Column="34"/></Statement><Statement><StartPos FileId="F_17" Row="119" Column="15"/><EndPos FileId="F_17" Row="119" Column="48"/></Statement><Statement><StartPos FileId="F_17" Row="120" Column="15"/><EndPos FileId="F_17" Row="120" Column="42"/></Statement></Else></IfStatement><Statement><StartPos FileId="F_17" Row="123" Column="12"/><EndPos FileId="F_17" Row="123" Column="42"/></Statement><Statement><StartPos FileId="F_17" Row="124" Column="12"/><EndPos FileId="F_17" Row="124" Column="43"/></Statement><Statement><StartPos FileId="F_17" Row="125" Column="12"/><EndPos FileId="F_17" Row="125" Column="43"/></Statement><Statement><StartPos FileId="F_17" Row="126" Column="12"/><EndPos FileId="F_17" Row="126" Column="43"/></Statement><Statement><StartPos FileId="F_17" Row="127" Column="12"/><EndPos FileId="F_17" Row="127" Column="43"/></Statement><Statement><StartPos FileId="F_17" Row="129" Column="22"/><EndPos FileId="F_17" Row="130" Column="53"/></Statement><Statement><StartPos FileId="F_17" Row="132" Column="22"/><EndPos FileId="F_17" Row="135" Column="29"/></Statement><IfStatement><StartPos FileId="F_17" Row="137" Column="12"/><EndPos FileId="F_17" Row="137" Column="40"/><Then><Statement><StartPos FileId="F_17" Row="138" Column="15"/><EndPos FileId="F_17" Row="138" Column="41"/></Statement><DoWhileState><StartPos FileId="F_17" Row="139" Column="23"/><EndPos FileId="F_17" Row="140" Column="27"/><Statements><Statement><StartPos FileId="F_17" Row="140" Column="28"/><EndPos FileId="F_17" Row="143" Column="26"/></Statement><IfStatement><StartPos FileId="F_17" Row="145" Column="18"/><EndPos FileId="F_17" Row="146" Column="58"/><Then><Statement><StartPos FileId="F_17" Row="147" Column="23"/><EndPos FileId="F_17" Row="147" Column="56"/></Statement><Statement><StartPos FileId="F_17" Row="148" Column="23"/><EndPos FileId="F_17" Row="148" Column="49"/></Statement></Then></IfStatement><IfStatement><StartPos FileId="F_17" Row="150" Column="18"/><EndPos FileId="F_17" Row="151" Column="59"/><Then><Statement><StartPos FileId="F_17" Row="152" Column="23"/><EndPos FileId="F_17" Row="152" Column="58"/></Statement><Statement><StartPos FileId="F_17" Row="153" Column="23"/><EndPos FileId="F_17" Row="153" Column="49"/></Statement></Then></IfStatement></Statements></DoWhileState></Then></IfStatement><Statement><StartPos FileId="F_17" Row="158" Column="12"/><EndPos FileId="F_17" Row="158" Column="45"/></Statement><Statement><StartPos FileId="F_17" Row="159" Column="12"/><EndPos FileId="F_17" Row="159" Column="47"/></Statement><IfStatement><StartPos FileId="F_17" Row="162" Column="12"/><EndPos FileId="F_17" Row="163" Column="23"/><Then><Statement><StartPos FileId="F_17" Row="163" Column="24"/><EndPos FileId="F_17" Row="167" Column="34"/></Statement></Then></IfStatement><IfStatement><StartPos FileId="F_17" Row="171" Column="12"/><EndPos FileId="F_17" Row="172" Column="23"/><Then><Statement><StartPos FileId="F_17" Row="172" Column="24"/><EndPos FileId="F_17" Row="176" Column="34"/></Statement></Then></IfStatement><IfStatement><StartPos FileId="F_17" Row="180" Column="12"/><EndPos FileId="F_17" Row="181" Column="23"/><Then><Statement><StartPos FileId="F_17" Row="181" Column="24"/><EndPos FileId="F_17" Row="185" Column="34"/></Statement></Then></IfStatement><Statement><StartPos FileId="F_17" Row="189" Column="22"/><EndPos FileId="F_17" Row="190" Column="53"/></Statement><Statement><StartPos FileId="F_17" Row="193" Column="12"/><EndPos FileId="F_17" Row="196" Column="39"/></Statement><Statement><StartPos FileId="F_17" Row="197" Column="12"/><EndPos FileId="F_17" Row="197" Column="51"/></Statement><Statement><StartPos FileId="F_17" Row="199" Column="22"/><EndPos FileId="F_17" Row="205" Column="26"/></Statement><IfStatement><StartPos FileId="F_17" Row="207" Column="12"/><EndPos FileId="F_17" Row="207" Column="40"/><Then><Statement><StartPos FileId="F_17" Row="208" Column="14"/><EndPos FileId="F_17" Row="208" Column="52"/></Statement></Then></IfStatement><IfStatement><StartPos FileId="F_17" Row="211" Column="12"/><EndPos FileId="F_17" Row="212" Column="23"/><Then><Statement><StartPos FileId="F_17" Row="212" Column="24"/><EndPos FileId="F_17" Row="216" Column="21"/></Statement></Then><Else><Statement><StartPos FileId="F_17" Row="219" Column="14"/><EndPos FileId="F_17" Row="219" Column="39"/></Statement><Statement><StartPos FileId="F_17" Row="220" Column="14"/><EndPos FileId="F_17" Row="220" Column="49"/></Statement><Statement><StartPos FileId="F_17" Row="221" Column="14"/><EndPos FileId="F_17" Row="221" Column="52"/></Statement></Else></IfStatement><Statement><StartPos FileId="F_17" Row="224" Column="22"/><EndPos FileId="F_17" Row="224" Column="28"/></Statement></Statements></Paragraph><Paragraph id="P_55" Name="A-EXIT" FallThrough="0"><StartPos FileId="F_17" Row="227" Column="8"/><EndPos FileId="F_17" Row="227" Column="14"/><Statements><ExitStatement><StartPos FileId="F_17" Row="228" Column="12"/><EndPos FileId="F_17" Row="228" Column="16"/></ExitStatement><ExitStatement><StartPos FileId="F_17" Row="229" Column="12"/><EndPos FileId="F_17" Row="229" Column="18"/></ExitStatement></Statements></Paragraph></Section></Sections></FlowChart>
