<FlowChart xmlns="http://www.EZL.com//FlowChart" xmlns:xsi="http://www.w3.org/2001/XMLSchema-instance" xsi:schemaLocation="FlowChart.xsd"><Files xmlns=""><File id="F_15" Name="C:\GitRepos\cics-genapp-main\base\src\lgicdb01.cbl"/><File id="F_2" Name="C:\GitRepos\cics-genapp-main\base\src\LGPOLICY.cpy"/><File id="F_4" Name="C:\GitRepos\cics-genapp-main\base\src\LGCMAREA.cpy"/></Files><Sections xmlns=""><Section Name="MAINLINE"><StartPos FileId="F_15" Row="102" Column="8"/><EndPos FileId="F_15" Row="102" Column="16"/><Paragraph id="P_44" Name="MAINLINE_FIRST_SENTENCES" FallThrough="2"><StartPos FileId="F_15" Row="102" Column="8"/><EndPos FileId="F_15" Row="102" Column="16"/><Statements><Statement><StartPos FileId="F_15" Row="108" Column="12"/><EndPos FileId="F_15" Row="108" Column="32"/></Statement><Statement><StartPos FileId="F_15" Row="110" Column="12"/><EndPos FileId="F_15" Row="110" Column="39"/></Statement><Statement><StartPos FileId="F_15" Row="111" Column="12"/><EndPos FileId="F_15" Row="111" Column="38"/></Statement><Statement><StartPos FileId="F_15" Row="112" Column="12"/><EndPos FileId="F_15" Row="112" Column="39"/></Statement><IfStatement><StartPos FileId="F_15" Row="119" Column="12"/><EndPos FileId="F_15" Row="119" Column="40"/><Then><Statement><StartPos FileId="F_15" Row="120" Column="16"/><EndPos FileId="F_15" Row="120" Column="59"/></Statement><FlowControlStatement><StartPos FileId="F_15" Row="121" Column="16"/><EndPos FileId="F_15" Row="121" Column="43"/><ParagraphRef IdRef="P_48"/></FlowControlStatement><Statement><StartPos FileId="F_15" Row="122" Column="26"/><EndPos FileId="F_15" Row="122" Column="53"/></Statement></Then></IfStatement><Statement><StartPos FileId="F_15" Row="126" Column="12"/><EndPos FileId="F_15" Row="126" Column="39"/></Statement><Statement><StartPos FileId="F_15" Row="127" Column="12"/><EndPos FileId="F_15" Row="127" Column="37"/></Statement><Statement><StartPos FileId="F_15" Row="128" Column="12"/><EndPos FileId="F_15" Row="128" Column="61"/></Statement><Statement><StartPos FileId="F_15" Row="131" Column="12"/><EndPos FileId="F_15" Row="131" Column="38"/></Statement><Statement><StartPos FileId="F_15" Row="137" Column="12"/><EndPos FileId="F_15" Row="137" Column="61"/></Statement><Statement><StartPos FileId="F_15" Row="138" Column="12"/><EndPos FileId="F_15" Row="138" Column="61"/></Statement><IfStatement><StartPos FileId="F_15" Row="140" Column="12"/><EndPos FileId="F_15" Row="140" Column="55"/><Then><Statement><StartPos FileId="F_15" Row="141" Column="14"/><EndPos FileId="F_15" Row="141" Column="41"/></Statement><Statement><StartPos FileId="F_15" Row="142" Column="24"/><EndPos FileId="F_15" Row="142" Column="30"/></Statement></Then></IfStatement><Statement><StartPos FileId="F_15" Row="146" Column="12"/><EndPos FileId="F_15" Row="146" Column="58"/></Statement><Statement><StartPos FileId="F_15" Row="148" Column="12"/><EndPos FileId="F_15" Row="148" Column="45"/></Statement><FlowControlStatement><StartPos FileId="F_15" Row="154" Column="12"/><EndPos FileId="F_15" Row="154" Column="37"/><ParagraphRef IdRef="P_47"/></FlowControlStatement></Statements></Paragraph><Paragraph id="P_45" Name="MAINLINE-END" FallThrough="0"><StartPos FileId="F_15" Row="159" Column="8"/><EndPos FileId="F_15" Row="159" Column="20"/><Statements><Statement><StartPos FileId="F_15" Row="161" Column="22"/><EndPos FileId="F_15" Row="161" Column="28"/></Statement></Statements></Paragraph><Paragraph id="P_46" Name="MAINLINE-EXIT" FallThrough="0"><StartPos FileId="F_15" Row="163" Column="8"/><EndPos FileId="F_15" Row="163" Column="21"/><Statements><ExitStatement><StartPos FileId="F_15" Row="164" Column="12"/><EndPos FileId="F_15" Row="164" Column="16"/></ExitStatement></Statements></Paragraph><Paragraph id="P_47" Name="GET-CUSTOMER-INFO" FallThrough="0"><StartPos FileId="F_15" Row="167" Column="8"/><EndPos FileId="F_15" Row="167" Column="25"/><Statements><Statement><StartPos FileId="F_15" Row="170" Column="12"/><EndPos FileId="F_15" Row="189" Column="62"/></Statement><SwitchState><StartPos FileId="F_15" Row="192" Column="12"/><EndPos FileId="F_15" Row="192" Column="20"/><Cases><Case><StartPos FileId="F_15" Row="193" Column="14"/><EndPos FileId="F_15" Row="193" Column="20"/><Statements><Statement><StartPos FileId="F_15" Row="194" Column="16"/><EndPos FileId="F_15" Row="194" Column="43"/></Statement></Statements></Case><Case><StartPos FileId="F_15" Row="195" Column="14"/><EndPos FileId="F_15" Row="195" Column="22"/><Statements><Statement><StartPos FileId="F_15" Row="196" Column="16"/><EndPos FileId="F_15" Row="196" Column="43"/></Statement></Statements></Case><Case><StartPos FileId="F_15" Row="197" Column="14"/><EndPos FileId="F_15" Row="197" Column="23"/><Statements><Statement><StartPos FileId="F_15" Row="198" Column="16"/><EndPos FileId="F_15" Row="198" Column="43"/></Statement></Statements></Case><Case IsOther="true"><StartPos FileId="F_15" Row="199" Column="19"/><EndPos FileId="F_15" Row="199" Column="32"/><Statements><Statement><StartPos FileId="F_15" Row="200" Column="16"/><EndPos FileId="F_15" Row="200" Column="43"/></Statement><FlowControlStatement><StartPos FileId="F_15" Row="201" Column="16"/><EndPos FileId="F_15" Row="201" Column="43"/><ParagraphRef IdRef="P_48"/></FlowControlStatement><Statement><StartPos FileId="F_15" Row="202" Column="26"/><EndPos FileId="F_15" Row="202" Column="32"/></Statement></Statements></Case></Cases></SwitchState><ExitStatement><StartPos FileId="F_15" Row="205" Column="12"/><EndPos FileId="F_15" Row="205" Column="16"/></ExitStatement></Statements></Paragraph><Paragraph id="P_48" Name="WRITE-ERROR-MESSAGE" FallThrough="0"><StartPos FileId="F_15" Row="212" Column="8"/><EndPos FileId="F_15" Row="212" Column="27"/><Statements><Statement><StartPos FileId="F_15" Row="214" Column="12"/><EndPos FileId="F_15" Row="214" Column="36"/></Statement><Statement><StartPos FileId="F_15" Row="216" Column="22"/><EndPos FileId="F_15" Row="216" Column="49"/></Statement><Statement><StartPos FileId="F_15" Row="218" Column="22"/><EndPos FileId="F_15" Row="220" Column="35"/></Statement><Statement><StartPos FileId="F_15" Row="222" Column="12"/><EndPos FileId="F_15" Row="222" Column="35"/></Statement><Statement><StartPos FileId="F_15" Row="223" Column="12"/><EndPos FileId="F_15" Row="223" Column="35"/></Statement><Statement><StartPos FileId="F_15" Row="225" Column="22"/><EndPos FileId="F_15" Row="227" Column="49"/></Statement><IfStatement><StartPos FileId="F_15" Row="230" Column="12"/><EndPos FileId="F_15" Row="230" Column="27"/><Then><IfStatement><StartPos FileId="F_15" Row="231" Column="14"/><EndPos FileId="F_15" Row="231" Column="30"/><Then><Statement><StartPos FileId="F_15" Row="232" Column="16"/><EndPos FileId="F_15" Row="232" Column="55"/></Statement><Statement><StartPos FileId="F_15" Row="233" Column="26"/><EndPos FileId="F_15" Row="235" Column="56"/></Statement></Then><Else><Statement><StartPos FileId="F_15" Row="238" Column="16"/><EndPos FileId="F_15" Row="238" Column="49"/></Statement><Statement><StartPos FileId="F_15" Row="239" Column="26"/><EndPos FileId="F_15" Row="241" Column="56"/></Statement></Else></IfStatement></Then></IfStatement><ExitStatement><StartPos FileId="F_15" Row="245" Column="12"/><EndPos FileId="F_15" Row="245" Column="16"/></ExitStatement></Statements></Paragraph></Section></Sections></FlowChart>
