<FlowChart xmlns="http://www.EZL.com//FlowChart" xmlns:xsi="http://www.w3.org/2001/XMLSchema-instance" xsi:schemaLocation="FlowChart.xsd"><Files xmlns=""><File id="F_16" Name="C:\GitRepos\cics-genapp-main\base\src\lgicus01.cbl"/><File id="F_2" Name="C:\GitRepos\cics-genapp-main\base\src\LGPOLICY.cpy"/><File id="F_4" Name="C:\GitRepos\cics-genapp-main\base\src\LGCMAREA.cpy"/></Files><Sections xmlns=""><Section Name="MAINLINE"><StartPos FileId="F_16" Row="77" Column="8"/><EndPos FileId="F_16" Row="77" Column="16"/><Paragraph id="P_49" Name="MAINLINE_FIRST_SENTENCES" FallThrough="2"><StartPos FileId="F_16" Row="77" Column="8"/><EndPos FileId="F_16" Row="77" Column="16"/><Statements><Statement><StartPos FileId="F_16" Row="79" Column="12"/><EndPos FileId="F_16" Row="79" Column="32"/></Statement><Statement><StartPos FileId="F_16" Row="81" Column="12"/><EndPos FileId="F_16" Row="81" Column="39"/></Statement><Statement><StartPos FileId="F_16" Row="82" Column="12"/><EndPos FileId="F_16" Row="82" Column="38"/></Statement><Statement><StartPos FileId="F_16" Row="83" Column="12"/><EndPos FileId="F_16" Row="83" Column="39"/></Statement><IfStatement><StartPos FileId="F_16" Row="87" Column="12"/><EndPos FileId="F_16" Row="87" Column="40"/><Then><Statement><StartPos FileId="F_16" Row="88" Column="16"/><EndPos FileId="F_16" Row="88" Column="59"/></Statement><FlowControlStatement><StartPos FileId="F_16" Row="89" Column="16"/><EndPos FileId="F_16" Row="89" Column="43"/><ParagraphRef IdRef="P_53"/></FlowControlStatement><Statement><StartPos FileId="F_16" Row="90" Column="26"/><EndPos FileId="F_16" Row="90" Column="53"/></Statement></Then></IfStatement><Statement><StartPos FileId="F_16" Row="93" Column="12"/><EndPos FileId="F_16" Row="93" Column="39"/></Statement><Statement><StartPos FileId="F_16" Row="94" Column="12"/><EndPos FileId="F_16" Row="94" Column="40"/></Statement><Statement><StartPos FileId="F_16" Row="95" Column="12"/><EndPos FileId="F_16" Row="95" Column="37"/></Statement><Statement><StartPos FileId="F_16" Row="96" Column="12"/><EndPos FileId="F_16" Row="96" Column="61"/></Statement><Statement><StartPos FileId="F_16" Row="102" Column="12"/><EndPos FileId="F_16" Row="102" Column="61"/></Statement><Statement><StartPos FileId="F_16" Row="103" Column="12"/><EndPos FileId="F_16" Row="103" Column="61"/></Statement><IfStatement><StartPos FileId="F_16" Row="104" Column="12"/><EndPos FileId="F_16" Row="104" Column="55"/><Then><Statement><StartPos FileId="F_16" Row="105" Column="14"/><EndPos FileId="F_16" Row="105" Column="41"/></Statement><Statement><StartPos FileId="F_16" Row="106" Column="24"/><EndPos FileId="F_16" Row="106" Column="30"/></Statement></Then></IfStatement><FlowControlStatement><StartPos FileId="F_16" Row="109" Column="12"/><EndPos FileId="F_16" Row="109" Column="37"/><ParagraphRef IdRef="P_52"/></FlowControlStatement></Statements></Paragraph><Paragraph id="P_50" Name="MAINLINE-END" FallThrough="0"><StartPos FileId="F_16" Row="114" Column="8"/><EndPos FileId="F_16" Row="114" Column="20"/><Statements><Statement><StartPos FileId="F_16" Row="115" Column="22"/><EndPos FileId="F_16" Row="115" Column="28"/></Statement></Statements></Paragraph><Paragraph id="P_51" Name="MAINLINE-EXIT" FallThrough="0"><StartPos FileId="F_16" Row="117" Column="8"/><EndPos FileId="F_16" Row="117" Column="21"/><Statements><ExitStatement><StartPos FileId="F_16" Row="118" Column="12"/><EndPos FileId="F_16" Row="118" Column="16"/></ExitStatement></Statements></Paragraph><Paragraph id="P_52" Name="GET-CUSTOMER-INFO" FallThrough="0"><StartPos FileId="F_16" Row="120" Column="8"/><EndPos FileId="F_16" Row="120" Column="25"/><Statements><Statement><StartPos FileId="F_16" Row="122" Column="22"/><EndPos FileId="F_16" Row="124" Column="29"/></Statement><ExitStatement><StartPos FileId="F_16" Row="128" Column="12"/><EndPos FileId="F_16" Row="128" Column="16"/></ExitStatement></Statements></Paragraph><Paragraph id="P_53" Name="WRITE-ERROR-MESSAGE" FallThrough="0"><StartPos FileId="F_16" Row="135" Column="8"/><EndPos FileId="F_16" Row="135" Column="27"/><Statements><Statement><StartPos FileId="F_16" Row="137" Column="22"/><EndPos FileId="F_16" Row="137" Column="49"/></Statement><Statement><StartPos FileId="F_16" Row="139" Column="22"/><EndPos FileId="F_16" Row="141" Column="35"/></Statement><Statement><StartPos FileId="F_16" Row="143" Column="12"/><EndPos FileId="F_16" Row="143" Column="35"/></Statement><Statement><StartPos FileId="F_16" Row="144" Column="12"/><EndPos FileId="F_16" Row="144" Column="35"/></Statement><Statement><StartPos FileId="F_16" Row="146" Column="22"/><EndPos FileId="F_16" Row="148" Column="49"/></Statement><IfStatement><StartPos FileId="F_16" Row="151" Column="12"/><EndPos FileId="F_16" Row="151" Column="27"/><Then><IfStatement><StartPos FileId="F_16" Row="152" Column="14"/><EndPos FileId="F_16" Row="152" Column="30"/><Then><Statement><StartPos FileId="F_16" Row="153" Column="16"/><EndPos FileId="F_16" Row="153" Column="55"/></Statement><Statement><StartPos FileId="F_16" Row="154" Column="26"/><EndPos FileId="F_16" Row="156" Column="56"/></Statement></Then><Else><Statement><StartPos FileId="F_16" Row="159" Column="16"/><EndPos FileId="F_16" Row="159" Column="49"/></Statement><Statement><StartPos FileId="F_16" Row="160" Column="26"/><EndPos FileId="F_16" Row="162" Column="56"/></Statement></Else></IfStatement></Then></IfStatement><ExitStatement><StartPos FileId="F_16" Row="166" Column="12"/><EndPos FileId="F_16" Row="166" Column="16"/></ExitStatement></Statements></Paragraph></Section></Sections></FlowChart>
