<FlowChart xmlns="http://www.EZL.com//FlowChart" xmlns:xsi="http://www.w3.org/2001/XMLSchema-instance" xsi:schemaLocation="FlowChart.xsd"><Files xmlns=""><File id="F_18" Name="C:\GitRepos\cics-genapp-main\base\src\lgipdb01.cbl"/><File id="F_2" Name="C:\GitRepos\cics-genapp-main\base\src\LGPOLICY.cpy"/><File id="F_4" Name="C:\GitRepos\cics-genapp-main\base\src\LGCMAREA.cpy"/></Files><Sections xmlns=""><Section Name="MAINLINE"><StartPos FileId="F_18" Row="230" Column="8"/><EndPos FileId="F_18" Row="230" Column="16"/><Paragraph id="P_56" Name="MAINLINE_FIRST_SENTENCES" FallThrough="1"><StartPos FileId="F_18" Row="230" Column="8"/><EndPos FileId="F_18" Row="230" Column="16"/><Statements><Statement><StartPos FileId="F_18" Row="236" Column="12"/><EndPos FileId="F_18" Row="236" Column="32"/></Statement><Statement><StartPos FileId="F_18" Row="238" Column="12"/><EndPos FileId="F_18" Row="238" Column="39"/></Statement><Statement><StartPos FileId="F_18" Row="239" Column="12"/><EndPos FileId="F_18" Row="239" Column="38"/></Statement><Statement><StartPos FileId="F_18" Row="240" Column="12"/><EndPos FileId="F_18" Row="240" Column="39"/></Statement><Statement><StartPos FileId="F_18" Row="243" Column="12"/><EndPos FileId="F_18" Row="243" Column="38"/></Statement><Statement><StartPos FileId="F_18" Row="244" Column="12"/><EndPos FileId="F_18" Row="244" Column="39"/></Statement><Statement><StartPos FileId="F_18" Row="245" Column="12"/><EndPos FileId="F_18" Row="245" Column="33"/></Statement><IfStatement><StartPos FileId="F_18" Row="251" Column="12"/><EndPos FileId="F_18" Row="251" Column="40"/><Then><Statement><StartPos FileId="F_18" Row="252" Column="14"/><EndPos FileId="F_18" Row="252" Column="57"/></Statement><FlowControlStatement><StartPos FileId="F_18" Row="253" Column="14"/><EndPos FileId="F_18" Row="253" Column="41"/><ParagraphRef IdRef="P_68"/></FlowControlStatement><Statement><StartPos FileId="F_18" Row="254" Column="24"/><EndPos FileId="F_18" Row="254" Column="51"/></Statement></Then></IfStatement><Statement><StartPos FileId="F_18" Row="258" Column="12"/><EndPos FileId="F_18" Row="258" Column="39"/></Statement><Statement><StartPos FileId="F_18" Row="259" Column="12"/><EndPos FileId="F_18" Row="259" Column="37"/></Statement><Statement><StartPos FileId="F_18" Row="260" Column="12"/><EndPos FileId="F_18" Row="260" Column="61"/></Statement><Statement><StartPos FileId="F_18" Row="263" Column="12"/><EndPos FileId="F_18" Row="263" Column="55"/></Statement><Statement><StartPos FileId="F_18" Row="264" Column="12"/><EndPos FileId="F_18" Row="264" Column="53"/></Statement><Statement><StartPos FileId="F_18" Row="266" Column="12"/><EndPos FileId="F_18" Row="266" Column="45"/></Statement><Statement><StartPos FileId="F_18" Row="267" Column="12"/><EndPos FileId="F_18" Row="267" Column="45"/></Statement><Statement><StartPos FileId="F_18" Row="275" Column="12"/><EndPos FileId="F_18" Row="275" Column="68"/></Statement><SwitchState><StartPos FileId="F_18" Row="277" Column="12"/><EndPos FileId="F_18" Row="277" Column="20"/><Cases><Case><StartPos FileId="F_18" Row="279" Column="14"/><EndPos FileId="F_18" Row="279" Column="27"/><Statements><Statement><StartPos FileId="F_18" Row="280" Column="16"/><EndPos FileId="F_18" Row="280" Column="40"/></Statement><FlowControlStatement><StartPos FileId="F_18" Row="281" Column="16"/><EndPos FileId="F_18" Row="281" Column="42"/><ParagraphRef IdRef="P_59"/></FlowControlStatement></Statements></Case><Case><StartPos FileId="F_18" Row="283" Column="14"/><EndPos FileId="F_18" Row="283" Column="27"/><Statements><Statement><StartPos FileId="F_18" Row="284" Column="16"/><EndPos FileId="F_18" Row="284" Column="36"/></Statement><FlowControlStatement><StartPos FileId="F_18" Row="285" Column="16"/><EndPos FileId="F_18" Row="285" Column="42"/><ParagraphRef IdRef="P_60"/></FlowControlStatement></Statements></Case><Case><StartPos FileId="F_18" Row="287" Column="14"/><EndPos FileId="F_18" Row="287" Column="27"/><Statements><Statement><StartPos FileId="F_18" Row="288" Column="16"/><EndPos FileId="F_18" Row="288" Column="36"/></Statement><FlowControlStatement><StartPos FileId="F_18" Row="289" Column="16"/><EndPos FileId="F_18" Row="289" Column="42"/><ParagraphRef IdRef="P_61"/></FlowControlStatement></Statements></Case><Case><StartPos FileId="F_18" Row="291" Column="14"/><EndPos FileId="F_18" Row="291" Column="27"/><Statements><Statement><StartPos FileId="F_18" Row="292" Column="16"/><EndPos FileId="F_18" Row="292" Column="41"/></Statement><FlowControlStatement><StartPos FileId="F_18" Row="293" Column="16"/><EndPos FileId="F_18" Row="293" Column="49"/><ParagraphRef IdRef="P_62"/></FlowControlStatement></Statements></Case><Case><StartPos FileId="F_18" Row="295" Column="14"/><EndPos FileId="F_18" Row="295" Column="27"/><Statements><Statement><StartPos FileId="F_18" Row="296" Column="16"/><EndPos FileId="F_18" Row="296" Column="41"/></Statement><FlowControlStatement><StartPos FileId="F_18" Row="297" Column="16"/><EndPos FileId="F_18" Row="297" Column="49"/><ParagraphRef IdRef="P_63"/></FlowControlStatement></Statements></Case><Case><StartPos FileId="F_18" Row="299" Column="14"/><EndPos FileId="F_18" Row="299" Column="27"/><Statements><Statement><StartPos FileId="F_18" Row="300" Column="16"/><EndPos FileId="F_18" Row="300" Column="41"/></Statement><FlowControlStatement><StartPos FileId="F_18" Row="301" Column="16"/><EndPos FileId="F_18" Row="301" Column="49"/><ParagraphRef IdRef="P_64"/></FlowControlStatement></Statements></Case><Case><StartPos FileId="F_18" Row="303" Column="14"/><EndPos FileId="F_18" Row="303" Column="27"/><Statements><Statement><StartPos FileId="F_18" Row="304" Column="16"/><EndPos FileId="F_18" Row="304" Column="41"/></Statement><FlowControlStatement><StartPos FileId="F_18" Row="305" Column="16"/><EndPos FileId="F_18" Row="305" Column="49"/><ParagraphRef IdRef="P_66"/></FlowControlStatement></Statements></Case><Case IsOther="true"><StartPos FileId="F_18" Row="307" Column="19"/><EndPos FileId="F_18" Row="307" Column="32"/><Statements><Statement><StartPos FileId="F_18" Row="308" Column="16"/><EndPos FileId="F_18" Row="308" Column="43"/></Statement></Statements></Case></Cases></SwitchState></Statements></Paragraph><Paragraph id="P_57" Name="End-Program" FallThrough="0"><StartPos FileId="F_18" Row="312" Column="8"/><EndPos FileId="F_18" Row="312" Column="19"/><Statements><Statement><StartPos FileId="F_18" Row="313" Column="22"/><EndPos FileId="F_18" Row="313" Column="28"/></Statement></Statements></Paragraph><Paragraph id="P_58" Name="MAINLINE-EXIT" FallThrough="0"><StartPos FileId="F_18" Row="315" Column="8"/><EndPos FileId="F_18" Row="315" Column="21"/><Statements><ExitStatement><StartPos FileId="F_18" Row="316" Column="12"/><EndPos FileId="F_18" Row="316" Column="16"/></ExitStatement></Statements></Paragraph><Paragraph id="P_59" Name="GET-ENDOW-DB2-INFO" FallThrough="0"><StartPos FileId="F_18" Row="327" Column="8"/><EndPos FileId="F_18" Row="327" Column="26"/><Statements><Statement><StartPos FileId="F_18" Row="329" Column="12"/><EndPos FileId="F_18" Row="329" Column="46"/></Statement><Statement><StartPos FileId="F_18" Row="331" Column="12"/><EndPos FileId="F_18" Row="367" Column="68"/></Statement><IfStatement><StartPos FileId="F_18" Row="370" Column="12"/><EndPos FileId="F_18" Row="370" Column="26"/><Then><Statement><StartPos FileId="F_18" Row="374" Column="14"/><EndPos FileId="F_18" Row="374" Column="63"/></Statement><Statement><StartPos FileId="F_18" Row="375" Column="14"/><EndPos FileId="F_18" Row="375" Column="63"/></Statement><IfStatement><StartPos FileId="F_18" Row="383" Column="14"/><EndPos FileId="F_18" Row="383" Column="55"/><Then><Statement><StartPos FileId="F_18" Row="384" Column="16"/><EndPos FileId="F_18" Row="384" Column="59"/></Statement><Statement><StartPos FileId="F_18" Row="385" Column="16"/><EndPos FileId="F_18" Row="385" Column="55"/></Statement></Then></IfStatement><IfStatement><StartPos FileId="F_18" Row="390" Column="14"/><EndPos FileId="F_18" Row="390" Column="57"/><Then><Statement><StartPos FileId="F_18" Row="391" Column="16"/><EndPos FileId="F_18" Row="391" Column="43"/></Statement><Statement><StartPos FileId="F_18" Row="392" Column="26"/><EndPos FileId="F_18" Row="392" Column="32"/></Statement></Then><Else><IfStatement><StartPos FileId="F_18" Row="397" Column="16"/><EndPos FileId="F_18" Row="397" Column="51"/><Then><Statement><StartPos FileId="F_18" Row="398" Column="18"/><EndPos FileId="F_18" Row="398" Column="58"/></Statement></Then></IfStatement><IfStatement><StartPos FileId="F_18" Row="400" Column="16"/><EndPos FileId="F_18" Row="400" Column="50"/><Then><Statement><StartPos FileId="F_18" Row="401" Column="18"/><EndPos FileId="F_18" Row="401" Column="53"/></Statement></Then></IfStatement><Statement><StartPos FileId="F_18" Row="404" Column="16"/><EndPos FileId="F_18" Row="404" Column="56"/></Statement><Statement><StartPos FileId="F_18" Row="405" Column="16"/><EndPos FileId="F_18" Row="405" Column="62"/></Statement><Statement><StartPos FileId="F_18" Row="407" Column="16"/><EndPos FileId="F_18" Row="407" Column="62"/></Statement><Statement><StartPos FileId="F_18" Row="408" Column="16"/><EndPos FileId="F_18" Row="409" Column="51"/></Statement><IfStatement><StartPos FileId="F_18" Row="410" Column="16"/><EndPos FileId="F_18" Row="410" Column="56"/><Then><Statement><StartPos FileId="F_18" Row="411" Column="18"/><EndPos FileId="F_18" Row="412" Column="60"/></Statement></Then></IfStatement></Else></IfStatement><Statement><StartPos FileId="F_18" Row="417" Column="14"/><EndPos FileId="F_18" Row="417" Column="65"/></Statement></Then><Else><IfStatement><StartPos FileId="F_18" Row="421" Column="14"/><EndPos FileId="F_18" Row="421" Column="34"/><Then><Statement><StartPos FileId="F_18" Row="423" Column="16"/><EndPos FileId="F_18" Row="423" Column="43"/></Statement></Then><Else><Statement><StartPos FileId="F_18" Row="426" Column="16"/><EndPos FileId="F_18" Row="426" Column="43"/></Statement><FlowControlStatement><StartPos FileId="F_18" Row="428" Column="16"/><EndPos FileId="F_18" Row="428" Column="43"/><ParagraphRef IdRef="P_68"/></FlowControlStatement></Else></IfStatement></Else></IfStatement><ExitStatement><StartPos FileId="F_18" Row="432" Column="12"/><EndPos FileId="F_18" Row="432" Column="16"/></ExitStatement></Statements></Paragraph><Paragraph id="P_60" Name="GET-HOUSE-DB2-INFO" FallThrough="0"><StartPos FileId="F_18" Row="441" Column="8"/><EndPos FileId="F_18" Row="441" Column="26"/><Statements><Statement><StartPos FileId="F_18" Row="443" Column="12"/><EndPos FileId="F_18" Row="443" Column="46"/></Statement><Statement><StartPos FileId="F_18" Row="445" Column="12"/><EndPos FileId="F_18" Row="475" Column="62"/></Statement><IfStatement><StartPos FileId="F_18" Row="478" Column="12"/><EndPos FileId="F_18" Row="478" Column="26"/><Then><Statement><StartPos FileId="F_18" Row="482" Column="14"/><EndPos FileId="F_18" Row="482" Column="63"/></Statement><Statement><StartPos FileId="F_18" Row="483" Column="14"/><EndPos FileId="F_18" Row="483" Column="63"/></Statement><IfStatement><StartPos FileId="F_18" Row="487" Column="14"/><EndPos FileId="F_18" Row="487" Column="57"/><Then><Statement><StartPos FileId="F_18" Row="488" Column="16"/><EndPos FileId="F_18" Row="488" Column="43"/></Statement><Statement><StartPos FileId="F_18" Row="489" Column="26"/><EndPos FileId="F_18" Row="489" Column="32"/></Statement></Then><Else><IfStatement><StartPos FileId="F_18" Row="494" Column="16"/><EndPos FileId="F_18" Row="494" Column="51"/><Then><Statement><StartPos FileId="F_18" Row="495" Column="18"/><EndPos FileId="F_18" Row="495" Column="56"/></Statement></Then></IfStatement><IfStatement><StartPos FileId="F_18" Row="497" Column="16"/><EndPos FileId="F_18" Row="497" Column="50"/><Then><Statement><StartPos FileId="F_18" Row="498" Column="18"/><EndPos FileId="F_18" Row="498" Column="53"/></Statement></Then></IfStatement><Statement><StartPos FileId="F_18" Row="500" Column="16"/><EndPos FileId="F_18" Row="500" Column="58"/></Statement><Statement><StartPos FileId="F_18" Row="501" Column="16"/><EndPos FileId="F_18" Row="501" Column="55"/></Statement><Statement><StartPos FileId="F_18" Row="503" Column="16"/><EndPos FileId="F_18" Row="503" Column="60"/></Statement><Statement><StartPos FileId="F_18" Row="504" Column="16"/><EndPos FileId="F_18" Row="504" Column="68"/></Statement></Else></IfStatement><Statement><StartPos FileId="F_18" Row="508" Column="14"/><EndPos FileId="F_18" Row="508" Column="46"/></Statement></Then><Else><IfStatement><StartPos FileId="F_18" Row="512" Column="14"/><EndPos FileId="F_18" Row="512" Column="34"/><Then><Statement><StartPos FileId="F_18" Row="514" Column="16"/><EndPos FileId="F_18" Row="514" Column="43"/></Statement></Then><Else><Statement><StartPos FileId="F_18" Row="517" Column="16"/><EndPos FileId="F_18" Row="517" Column="43"/></Statement><FlowControlStatement><StartPos FileId="F_18" Row="519" Column="16"/><EndPos FileId="F_18" Row="519" Column="43"/><ParagraphRef IdRef="P_68"/></FlowControlStatement></Else></IfStatement></Else></IfStatement><ExitStatement><StartPos FileId="F_18" Row="523" Column="12"/><EndPos FileId="F_18" Row="523" Column="16"/></ExitStatement></Statements></Paragraph><Paragraph id="P_61" Name="GET-MOTOR-DB2-INFO" FallThrough="0"><StartPos FileId="F_18" Row="529" Column="8"/><EndPos FileId="F_18" Row="529" Column="26"/><Statements><Statement><StartPos FileId="F_18" Row="531" Column="12"/><EndPos FileId="F_18" Row="531" Column="46"/></Statement><Statement><StartPos FileId="F_18" Row="533" Column="12"/><EndPos FileId="F_18" Row="569" Column="62"/></Statement><IfStatement><StartPos FileId="F_18" Row="572" Column="12"/><EndPos FileId="F_18" Row="572" Column="26"/><Then><Statement><StartPos FileId="F_18" Row="576" Column="14"/><EndPos FileId="F_18" Row="576" Column="63"/></Statement><Statement><StartPos FileId="F_18" Row="577" Column="14"/><EndPos FileId="F_18" Row="577" Column="63"/></Statement><IfStatement><StartPos FileId="F_18" Row="581" Column="14"/><EndPos FileId="F_18" Row="581" Column="57"/><Then><Statement><StartPos FileId="F_18" Row="582" Column="16"/><EndPos FileId="F_18" Row="582" Column="43"/></Statement><Statement><StartPos FileId="F_18" Row="583" Column="26"/><EndPos FileId="F_18" Row="583" Column="32"/></Statement></Then><Else><IfStatement><StartPos FileId="F_18" Row="588" Column="16"/><EndPos FileId="F_18" Row="588" Column="51"/><Then><Statement><StartPos FileId="F_18" Row="589" Column="18"/><EndPos FileId="F_18" Row="589" Column="55"/></Statement></Then></IfStatement><IfStatement><StartPos FileId="F_18" Row="591" Column="16"/><EndPos FileId="F_18" Row="591" Column="50"/><Then><Statement><StartPos FileId="F_18" Row="592" Column="18"/><EndPos FileId="F_18" Row="592" Column="56"/></Statement></Then></IfStatement><Statement><StartPos FileId="F_18" Row="594" Column="16"/><EndPos FileId="F_18" Row="594" Column="51"/></Statement><Statement><StartPos FileId="F_18" Row="595" Column="16"/><EndPos FileId="F_18" Row="595" Column="54"/></Statement><Statement><StartPos FileId="F_18" Row="596" Column="16"/><EndPos FileId="F_18" Row="596" Column="56"/></Statement><Statement><StartPos FileId="F_18" Row="597" Column="16"/><EndPos FileId="F_18" Row="597" Column="59"/></Statement><Statement><StartPos FileId="F_18" Row="598" Column="16"/><EndPos FileId="F_18" Row="598" Column="55"/></Statement><Statement><StartPos FileId="F_18" Row="599" Column="16"/><EndPos FileId="F_18" Row="599" Column="58"/></Statement><Statement><StartPos FileId="F_18" Row="601" Column="16"/><EndPos FileId="F_18" Row="601" Column="59"/></Statement><Statement><StartPos FileId="F_18" Row="602" Column="16"/><EndPos FileId="F_18" Row="602" Column="67"/></Statement></Else></IfStatement><Statement><StartPos FileId="F_18" Row="606" Column="14"/><EndPos FileId="F_18" Row="606" Column="46"/></Statement></Then><Else><IfStatement><StartPos FileId="F_18" Row="610" Column="14"/><EndPos FileId="F_18" Row="610" Column="34"/><Then><Statement><StartPos FileId="F_18" Row="612" Column="16"/><EndPos FileId="F_18" Row="612" Column="43"/></Statement></Then><Else><Statement><StartPos FileId="F_18" Row="615" Column="16"/><EndPos FileId="F_18" Row="615" Column="43"/></Statement><FlowControlStatement><StartPos FileId="F_18" Row="617" Column="16"/><EndPos FileId="F_18" Row="617" Column="43"/><ParagraphRef IdRef="P_68"/></FlowControlStatement></Else></IfStatement></Else></IfStatement><ExitStatement><StartPos FileId="F_18" Row="621" Column="12"/><EndPos FileId="F_18" Row="621" Column="16"/></ExitStatement></Statements></Paragraph><Paragraph id="P_62" Name="GET-COMMERCIAL-DB2-INFO-1" FallThrough="0"><StartPos FileId="F_18" Row="627" Column="8"/><EndPos FileId="F_18" Row="627" Column="33"/><Statements><Statement><StartPos FileId="F_18" Row="629" Column="12"/><EndPos FileId="F_18" Row="629" Column="51"/></Statement><Statement><StartPos FileId="F_18" Row="632" Column="12"/><EndPos FileId="F_18" Row="677" Column="61"/></Statement><IfStatement><StartPos FileId="F_18" Row="680" Column="12"/><EndPos FileId="F_18" Row="680" Column="26"/><Then><Statement><StartPos FileId="F_18" Row="684" Column="14"/><EndPos FileId="F_18" Row="684" Column="63"/></Statement><Statement><StartPos FileId="F_18" Row="685" Column="14"/><EndPos FileId="F_18" Row="685" Column="63"/></Statement><IfStatement><StartPos FileId="F_18" Row="689" Column="14"/><EndPos FileId="F_18" Row="689" Column="57"/><Then><Statement><StartPos FileId="F_18" Row="690" Column="16"/><EndPos FileId="F_18" Row="690" Column="43"/></Statement><Statement><StartPos FileId="F_18" Row="691" Column="26"/><EndPos FileId="F_18" Row="691" Column="32"/></Statement></Then><Else><Statement><StartPos FileId="F_18" Row="693" Column="16"/><EndPos FileId="F_18" Row="693" Column="64"/></Statement><Statement><StartPos FileId="F_18" Row="694" Column="16"/><EndPos FileId="F_18" Row="694" Column="66"/></Statement><Statement><StartPos FileId="F_18" Row="695" Column="16"/><EndPos FileId="F_18" Row="695" Column="65"/></Statement><Statement><StartPos FileId="F_18" Row="696" Column="16"/><EndPos FileId="F_18" Row="696" Column="67"/></Statement><Statement><StartPos FileId="F_18" Row="697" Column="16"/><EndPos FileId="F_18" Row="697" Column="65"/></Statement><Statement><StartPos FileId="F_18" Row="698" Column="16"/><EndPos FileId="F_18" Row="698" Column="67"/></Statement><Statement><StartPos FileId="F_18" Row="699" Column="16"/><EndPos FileId="F_18" Row="699" Column="67"/></Statement><Statement><StartPos FileId="F_18" Row="700" Column="16"/><EndPos FileId="F_18" Row="700" Column="69"/></Statement><Statement><StartPos FileId="F_18" Row="701" Column="16"/><EndPos FileId="F_18" Row="701" Column="61"/></Statement><Statement><StartPos FileId="F_18" Row="703" Column="16"/><EndPos FileId="F_18" Row="703" Column="59"/></Statement><Statement><StartPos FileId="F_18" Row="704" Column="16"/><EndPos FileId="F_18" Row="704" Column="71"/></Statement></Else></IfStatement><Statement><StartPos FileId="F_18" Row="708" Column="14"/><EndPos FileId="F_18" Row="708" Column="46"/></Statement></Then><Else><IfStatement><StartPos FileId="F_18" Row="712" Column="14"/><EndPos FileId="F_18" Row="712" Column="34"/><Then><Statement><StartPos FileId="F_18" Row="714" Column="16"/><EndPos FileId="F_18" Row="714" Column="43"/></Statement></Then><Else><Statement><StartPos FileId="F_18" Row="717" Column="16"/><EndPos FileId="F_18" Row="717" Column="43"/></Statement><FlowControlStatement><StartPos FileId="F_18" Row="719" Column="16"/><EndPos FileId="F_18" Row="719" Column="43"/><ParagraphRef IdRef="P_68"/></FlowControlStatement></Else></IfStatement></Else></IfStatement><ExitStatement><StartPos FileId="F_18" Row="724" Column="12"/><EndPos FileId="F_18" Row="724" Column="16"/></ExitStatement></Statements></Paragraph><Paragraph id="P_63" Name="GET-COMMERCIAL-DB2-INFO-2" FallThrough="0"><StartPos FileId="F_18" Row="730" Column="8"/><EndPos FileId="F_18" Row="730" Column="33"/><Statements><Statement><StartPos FileId="F_18" Row="732" Column="12"/><EndPos FileId="F_18" Row="732" Column="51"/></Statement><Statement><StartPos FileId="F_18" Row="735" Column="12"/><EndPos FileId="F_18" Row="781" Column="59"/></Statement><IfStatement><StartPos FileId="F_18" Row="784" Column="12"/><EndPos FileId="F_18" Row="784" Column="26"/><Then><Statement><StartPos FileId="F_18" Row="788" Column="14"/><EndPos FileId="F_18" Row="788" Column="63"/></Statement><Statement><StartPos FileId="F_18" Row="789" Column="14"/><EndPos FileId="F_18" Row="789" Column="63"/></Statement><IfStatement><StartPos FileId="F_18" Row="793" Column="14"/><EndPos FileId="F_18" Row="793" Column="57"/><Then><Statement><StartPos FileId="F_18" Row="794" Column="16"/><EndPos FileId="F_18" Row="794" Column="43"/></Statement><Statement><StartPos FileId="F_18" Row="795" Column="26"/><EndPos FileId="F_18" Row="795" Column="32"/></Statement></Then><Else><Statement><StartPos FileId="F_18" Row="797" Column="16"/><EndPos FileId="F_18" Row="797" Column="64"/></Statement><Statement><StartPos FileId="F_18" Row="798" Column="16"/><EndPos FileId="F_18" Row="798" Column="64"/></Statement><Statement><StartPos FileId="F_18" Row="799" Column="16"/><EndPos FileId="F_18" Row="799" Column="66"/></Statement><Statement><StartPos FileId="F_18" Row="800" Column="16"/><EndPos FileId="F_18" Row="800" Column="65"/></Statement><Statement><StartPos FileId="F_18" Row="801" Column="16"/><EndPos FileId="F_18" Row="801" Column="67"/></Statement><Statement><StartPos FileId="F_18" Row="802" Column="16"/><EndPos FileId="F_18" Row="802" Column="65"/></Statement><Statement><StartPos FileId="F_18" Row="803" Column="16"/><EndPos FileId="F_18" Row="803" Column="67"/></Statement><Statement><StartPos FileId="F_18" Row="804" Column="16"/><EndPos FileId="F_18" Row="804" Column="67"/></Statement><Statement><StartPos FileId="F_18" Row="805" Column="16"/><EndPos FileId="F_18" Row="805" Column="69"/></Statement><Statement><StartPos FileId="F_18" Row="806" Column="16"/><EndPos FileId="F_18" Row="806" Column="61"/></Statement><Statement><StartPos FileId="F_18" Row="808" Column="16"/><EndPos FileId="F_18" Row="808" Column="59"/></Statement><Statement><StartPos FileId="F_18" Row="809" Column="16"/><EndPos FileId="F_18" Row="809" Column="71"/></Statement></Else></IfStatement><Statement><StartPos FileId="F_18" Row="813" Column="14"/><EndPos FileId="F_18" Row="813" Column="46"/></Statement></Then><Else><IfStatement><StartPos FileId="F_18" Row="817" Column="14"/><EndPos FileId="F_18" Row="817" Column="34"/><Then><Statement><StartPos FileId="F_18" Row="819" Column="16"/><EndPos FileId="F_18" Row="819" Column="43"/></Statement></Then><Else><Statement><StartPos FileId="F_18" Row="822" Column="16"/><EndPos FileId="F_18" Row="822" Column="43"/></Statement><FlowControlStatement><StartPos FileId="F_18" Row="824" Column="16"/><EndPos FileId="F_18" Row="824" Column="43"/><ParagraphRef IdRef="P_68"/></FlowControlStatement></Else></IfStatement></Else></IfStatement><ExitStatement><StartPos FileId="F_18" Row="829" Column="12"/><EndPos FileId="F_18" Row="829" Column="16"/></ExitStatement></Statements></Paragraph><Paragraph id="P_64" Name="GET-COMMERCIAL-DB2-INFO-3" FallThrough="0"><StartPos FileId="F_18" Row="835" Column="8"/><EndPos FileId="F_18" Row="835" Column="33"/><Statements><Statement><StartPos FileId="F_18" Row="837" Column="12"/><EndPos FileId="F_18" Row="837" Column="51"/></Statement><Statement><StartPos FileId="F_18" Row="838" Column="12"/><EndPos FileId="F_18" Row="838" Column="39"/></Statement><Statement><StartPos FileId="F_18" Row="841" Column="12"/><EndPos FileId="F_18" Row="841" Column="30"/></Statement><IfStatement><StartPos FileId="F_18" Row="843" Column="12"/><EndPos FileId="F_18" Row="843" Column="34"/><Then><Statement><StartPos FileId="F_18" Row="844" Column="14"/><EndPos FileId="F_18" Row="844" Column="41"/></Statement><FlowControlStatement><StartPos FileId="F_18" Row="845" Column="14"/><EndPos FileId="F_18" Row="845" Column="41"/><ParagraphRef IdRef="P_68"/></FlowControlStatement><FlowControlStatement><StartPos FileId="F_18" Row="846" Column="14"/><EndPos FileId="F_18" Row="846" Column="33"/><ParagraphRef IdRef="P_57"/></FlowControlStatement></Then></IfStatement><FlowControlStatement><StartPos FileId="F_18" Row="849" Column="12"/><EndPos FileId="F_18" Row="850" Column="55"/><ParagraphRef IdRef="P_65"/></FlowControlStatement><Statement><StartPos FileId="F_18" Row="853" Column="12"/><EndPos FileId="F_18" Row="853" Column="31"/></Statement><IfStatement><StartPos FileId="F_18" Row="855" Column="12"/><EndPos FileId="F_18" Row="855" Column="34"/><Then><Statement><StartPos FileId="F_18" Row="856" Column="14"/><EndPos FileId="F_18" Row="856" Column="41"/></Statement><FlowControlStatement><StartPos FileId="F_18" Row="857" Column="14"/><EndPos FileId="F_18" Row="857" Column="41"/><ParagraphRef IdRef="P_68"/></FlowControlStatement><FlowControlStatement><StartPos FileId="F_18" Row="858" Column="14"/><EndPos FileId="F_18" Row="858" Column="33"/><ParagraphRef IdRef="P_57"/></FlowControlStatement></Then></IfStatement><ExitStatement><StartPos FileId="F_18" Row="861" Column="12"/><EndPos FileId="F_18" Row="861" Column="16"/></ExitStatement></Statements></Paragraph><Paragraph id="P_65" Name="GET-Commercial-DB2-INFO-3-Cur" FallThrough="0"><StartPos FileId="F_18" Row="863" Column="8"/><EndPos FileId="F_18" Row="863" Column="37"/><Statements><Statement><StartPos FileId="F_18" Row="866" Column="12"/><EndPos FileId="F_18" Row="888" Column="46"/></Statement><IfStatement><StartPos FileId="F_18" Row="891" Column="12"/><EndPos FileId="F_18" Row="891" Column="26"/><Then><Statement><StartPos FileId="F_18" Row="892" Column="14"/><EndPos FileId="F_18" Row="892" Column="62"/></Statement><Statement><StartPos FileId="F_18" Row="893" Column="14"/><EndPos FileId="F_18" Row="893" Column="64"/></Statement><Statement><StartPos FileId="F_18" Row="894" Column="14"/><EndPos FileId="F_18" Row="894" Column="63"/></Statement><Statement><StartPos FileId="F_18" Row="895" Column="14"/><EndPos FileId="F_18" Row="895" Column="65"/></Statement><Statement><StartPos FileId="F_18" Row="896" Column="14"/><EndPos FileId="F_18" Row="896" Column="63"/></Statement><Statement><StartPos FileId="F_18" Row="897" Column="14"/><EndPos FileId="F_18" Row="897" Column="65"/></Statement><Statement><StartPos FileId="F_18" Row="898" Column="14"/><EndPos FileId="F_18" Row="898" Column="65"/></Statement><Statement><StartPos FileId="F_18" Row="899" Column="14"/><EndPos FileId="F_18" Row="899" Column="67"/></Statement><Statement><StartPos FileId="F_18" Row="900" Column="14"/><EndPos FileId="F_18" Row="900" Column="59"/></Statement><Statement><StartPos FileId="F_18" Row="901" Column="14"/><EndPos FileId="F_18" Row="901" Column="62"/></Statement><Statement><StartPos FileId="F_18" Row="902" Column="14"/><EndPos FileId="F_18" Row="902" Column="60"/></Statement><Statement><StartPos FileId="F_18" Row="903" Column="14"/><EndPos FileId="F_18" Row="903" Column="63"/></Statement><Statement><StartPos FileId="F_18" Row="904" Column="14"/><EndPos FileId="F_18" Row="904" Column="69"/></Statement><Statement><StartPos FileId="F_18" Row="906" Column="14"/><EndPos FileId="F_18" Row="906" Column="40"/></Statement><IfStatement><StartPos FileId="F_18" Row="907" Column="14"/><EndPos FileId="F_18" Row="907" Column="39"/><Then><Statement><StartPos FileId="F_18" Row="908" Column="16"/><EndPos FileId="F_18" Row="908" Column="34"/></Statement></Then></IfStatement></Then></IfStatement><ExitStatement><StartPos FileId="F_18" Row="913" Column="12"/><EndPos FileId="F_18" Row="913" Column="16"/></ExitStatement></Statements></Paragraph><Paragraph id="P_66" Name="GET-COMMERCIAL-DB2-INFO-5" FallThrough="0"><StartPos FileId="F_18" Row="919" Column="8"/><EndPos FileId="F_18" Row="919" Column="33"/><Statements><Statement><StartPos FileId="F_18" Row="921" Column="12"/><EndPos FileId="F_18" Row="921" Column="51"/></Statement><Statement><StartPos FileId="F_18" Row="924" Column="12"/><EndPos FileId="F_18" Row="924" Column="29"/></Statement><IfStatement><StartPos FileId="F_18" Row="926" Column="12"/><EndPos FileId="F_18" Row="926" Column="34"/><Then><Statement><StartPos FileId="F_18" Row="927" Column="14"/><EndPos FileId="F_18" Row="927" Column="41"/></Statement><FlowControlStatement><StartPos FileId="F_18" Row="928" Column="14"/><EndPos FileId="F_18" Row="928" Column="41"/><ParagraphRef IdRef="P_68"/></FlowControlStatement><FlowControlStatement><StartPos FileId="F_18" Row="929" Column="14"/><EndPos FileId="F_18" Row="929" Column="33"/><ParagraphRef IdRef="P_57"/></FlowControlStatement></Then></IfStatement><FlowControlStatement><StartPos FileId="F_18" Row="932" Column="12"/><EndPos FileId="F_18" Row="933" Column="55"/><ParagraphRef IdRef="P_67"/></FlowControlStatement><Statement><StartPos FileId="F_18" Row="936" Column="12"/><EndPos FileId="F_18" Row="936" Column="30"/></Statement><IfStatement><StartPos FileId="F_18" Row="938" Column="12"/><EndPos FileId="F_18" Row="938" Column="34"/><Then><Statement><StartPos FileId="F_18" Row="939" Column="14"/><EndPos FileId="F_18" Row="939" Column="41"/></Statement><FlowControlStatement><StartPos FileId="F_18" Row="940" Column="14"/><EndPos FileId="F_18" Row="940" Column="41"/><ParagraphRef IdRef="P_68"/></FlowControlStatement><FlowControlStatement><StartPos FileId="F_18" Row="941" Column="14"/><EndPos FileId="F_18" Row="941" Column="33"/><ParagraphRef IdRef="P_57"/></FlowControlStatement></Then></IfStatement><ExitStatement><StartPos FileId="F_18" Row="944" Column="12"/><EndPos FileId="F_18" Row="944" Column="16"/></ExitStatement></Statements></Paragraph><Paragraph id="P_67" Name="GET-Commercial-DB2-INFO-5-Cur" FallThrough="0"><StartPos FileId="F_18" Row="946" Column="8"/><EndPos FileId="F_18" Row="946" Column="37"/><Statements><Statement><StartPos FileId="F_18" Row="948" Column="12"/><EndPos FileId="F_18" Row="970" Column="46"/></Statement><IfStatement><StartPos FileId="F_18" Row="973" Column="12"/><EndPos FileId="F_18" Row="973" Column="26"/><Then><Statement><StartPos FileId="F_18" Row="974" Column="14"/><EndPos FileId="F_18" Row="974" Column="62"/></Statement><Statement><StartPos FileId="F_18" Row="975" Column="14"/><EndPos FileId="F_18" Row="975" Column="64"/></Statement><Statement><StartPos FileId="F_18" Row="976" Column="14"/><EndPos FileId="F_18" Row="976" Column="63"/></Statement><Statement><StartPos FileId="F_18" Row="977" Column="14"/><EndPos FileId="F_18" Row="977" Column="65"/></Statement><Statement><StartPos FileId="F_18" Row="978" Column="14"/><EndPos FileId="F_18" Row="978" Column="63"/></Statement><Statement><StartPos FileId="F_18" Row="979" Column="14"/><EndPos FileId="F_18" Row="979" Column="65"/></Statement><Statement><StartPos FileId="F_18" Row="980" Column="14"/><EndPos FileId="F_18" Row="980" Column="65"/></Statement><Statement><StartPos FileId="F_18" Row="981" Column="14"/><EndPos FileId="F_18" Row="981" Column="67"/></Statement><Statement><StartPos FileId="F_18" Row="982" Column="14"/><EndPos FileId="F_18" Row="982" Column="59"/></Statement><Statement><StartPos FileId="F_18" Row="983" Column="14"/><EndPos FileId="F_18" Row="983" Column="62"/></Statement><Statement><StartPos FileId="F_18" Row="984" Column="14"/><EndPos FileId="F_18" Row="984" Column="60"/></Statement><Statement><StartPos FileId="F_18" Row="985" Column="14"/><EndPos FileId="F_18" Row="985" Column="63"/></Statement><Statement><StartPos FileId="F_18" Row="986" Column="14"/><EndPos FileId="F_18" Row="986" Column="69"/></Statement></Then></IfStatement><ExitStatement><StartPos FileId="F_18" Row="990" Column="12"/><EndPos FileId="F_18" Row="990" Column="16"/></ExitStatement></Statements></Paragraph><Paragraph id="P_68" Name="WRITE-ERROR-MESSAGE" FallThrough="0"><StartPos FileId="F_18" Row="997" Column="8"/><EndPos FileId="F_18" Row="997" Column="27"/><Statements><Statement><StartPos FileId="F_18" Row="999" Column="12"/><EndPos FileId="F_18" Row="999" Column="36"/></Statement><Statement><StartPos FileId="F_18" Row="1001" Column="22"/><EndPos FileId="F_18" Row="1001" Column="47"/></Statement><Statement><StartPos FileId="F_18" Row="1003" Column="22"/><EndPos FileId="F_18" Row="1005" Column="33"/></Statement><Statement><StartPos FileId="F_18" Row="1007" Column="12"/><EndPos FileId="F_18" Row="1007" Column="33"/></Statement><Statement><StartPos FileId="F_18" Row="1008" Column="12"/><EndPos FileId="F_18" Row="1008" Column="33"/></Statement><Statement><StartPos FileId="F_18" Row="1010" Column="22"/><EndPos FileId="F_18" Row="1012" Column="49"/></Statement><IfStatement><StartPos FileId="F_18" Row="1015" Column="12"/><EndPos FileId="F_18" Row="1015" Column="27"/><Then><IfStatement><StartPos FileId="F_18" Row="1016" Column="14"/><EndPos FileId="F_18" Row="1016" Column="30"/><Then><Statement><StartPos FileId="F_18" Row="1017" Column="16"/><EndPos FileId="F_18" Row="1017" Column="55"/></Statement><Statement><StartPos FileId="F_18" Row="1018" Column="26"/><EndPos FileId="F_18" Row="1020" Column="56"/></Statement></Then><Else><Statement><StartPos FileId="F_18" Row="1023" Column="16"/><EndPos FileId="F_18" Row="1023" Column="49"/></Statement><Statement><StartPos FileId="F_18" Row="1024" Column="26"/><EndPos FileId="F_18" Row="1026" Column="56"/></Statement></Else></IfStatement></Then></IfStatement><ExitStatement><StartPos FileId="F_18" Row="1030" Column="12"/><EndPos FileId="F_18" Row="1030" Column="16"/></ExitStatement></Statements></Paragraph></Section></Sections></FlowChart>
