<FlowChart xmlns="http://www.EZL.com//FlowChart" xmlns:xsi="http://www.w3.org/2001/XMLSchema-instance" xsi:schemaLocation="FlowChart.xsd"><Files xmlns=""><File id="F_19" Name="C:\GitRepos\cics-genapp-main\base\src\lgipvs01.cbl"/></Files><Sections xmlns=""><Section Name="MAINLINE"><StartPos FileId="F_19" Row="75" Column="8"/><EndPos FileId="F_19" Row="75" Column="16"/><Paragraph id="P_69" Name="MAINLINE_FIRST_SENTENCES" FallThrough="0"><StartPos FileId="F_19" Row="75" Column="8"/><EndPos FileId="F_19" Row="75" Column="16"/><Statements><Statement><StartPos FileId="F_19" Row="77" Column="12"/><EndPos FileId="F_19" Row="77" Column="34"/></Statement><Statement><StartPos FileId="F_19" Row="79" Column="22"/><EndPos FileId="F_19" Row="80" Column="30"/></Statement><Statement><StartPos FileId="F_19" Row="83" Column="22"/><EndPos FileId="F_19" Row="84" Column="30"/></Statement><Statement><StartPos FileId="F_19" Row="87" Column="22"/><EndPos FileId="F_19" Row="88" Column="30"/></Statement><IfStatement><StartPos FileId="F_19" Row="90" Column="12"/><EndPos FileId="F_19" Row="91" Column="41"/><Then><Statement><StartPos FileId="F_19" Row="92" Column="15"/><EndPos FileId="F_19" Row="92" Column="34"/></Statement><Statement><StartPos FileId="F_19" Row="93" Column="15"/><EndPos FileId="F_19" Row="93" Column="46"/></Statement><Statement><StartPos FileId="F_19" Row="94" Column="15"/><EndPos FileId="F_19" Row="94" Column="46"/></Statement><Statement><StartPos FileId="F_19" Row="95" Column="15"/><EndPos FileId="F_19" Row="95" Column="46"/></Statement><Statement><StartPos FileId="F_19" Row="96" Column="15"/><EndPos FileId="F_19" Row="96" Column="42"/></Statement></Then><Else><Statement><StartPos FileId="F_19" Row="98" Column="25"/><EndPos FileId="F_19" Row="100" Column="32"/></Statement><Statement><StartPos FileId="F_19" Row="102" Column="15"/><EndPos FileId="F_19" Row="102" Column="34"/></Statement><Statement><StartPos FileId="F_19" Row="103" Column="15"/><EndPos FileId="F_19" Row="103" Column="48"/></Statement><Statement><StartPos FileId="F_19" Row="104" Column="15"/><EndPos FileId="F_19" Row="104" Column="42"/></Statement></Else></IfStatement><Statement><StartPos FileId="F_19" Row="107" Column="12"/><EndPos FileId="F_19" Row="107" Column="55"/></Statement><Statement><StartPos FileId="F_19" Row="108" Column="12"/><EndPos FileId="F_19" Row="108" Column="61"/></Statement><Statement><StartPos FileId="F_19" Row="109" Column="12"/><EndPos FileId="F_19" Row="109" Column="60"/></Statement><Statement><StartPos FileId="F_19" Row="111" Column="22"/><EndPos FileId="F_19" Row="118" Column="26"/></Statement><IfStatement><StartPos FileId="F_19" Row="121" Column="12"/><EndPos FileId="F_19" Row="122" Column="53"/><Then><Statement><StartPos FileId="F_19" Row="123" Column="14"/><EndPos FileId="F_19" Row="123" Column="52"/></Statement><Statement><StartPos FileId="F_19" Row="124" Column="14"/><EndPos FileId="F_19" Row="124" Column="55"/></Statement><Statement><StartPos FileId="F_19" Row="125" Column="14"/><EndPos FileId="F_19" Row="125" Column="54"/></Statement></Then><Else><Statement><StartPos FileId="F_19" Row="127" Column="14"/><EndPos FileId="F_19" Row="127" Column="43"/></Statement></Else></IfStatement><IfStatement><StartPos FileId="F_19" Row="130" Column="12"/><EndPos FileId="F_19" Row="131" Column="23"/><Then><Statement><StartPos FileId="F_19" Row="131" Column="24"/><EndPos FileId="F_19" Row="135" Column="21"/></Statement></Then><Else><Statement><StartPos FileId="F_19" Row="138" Column="14"/><EndPos FileId="F_19" Row="138" Column="48"/></Statement><Statement><StartPos FileId="F_19" Row="139" Column="14"/><EndPos FileId="F_19" Row="139" Column="53"/></Statement><Statement><StartPos FileId="F_19" Row="140" Column="14"/><EndPos FileId="F_19" Row="140" Column="52"/></Statement></Else></IfStatement><Statement><StartPos FileId="F_19" Row="143" Column="22"/><EndPos FileId="F_19" Row="143" Column="28"/></Statement></Statements></Paragraph><Paragraph id="P_70" Name="A-EXIT" FallThrough="0"><StartPos FileId="F_19" Row="146" Column="8"/><EndPos FileId="F_19" Row="146" Column="14"/><Statements><ExitStatement><StartPos FileId="F_19" Row="147" Column="12"/><EndPos FileId="F_19" Row="147" Column="16"/></ExitStatement><ExitStatement><StartPos FileId="F_19" Row="148" Column="12"/><EndPos FileId="F_19" Row="148" Column="18"/></ExitStatement></Statements></Paragraph></Section></Sections></FlowChart>
