<FlowChart xmlns="http://www.EZL.com//FlowChart" xmlns:xsi="http://www.w3.org/2001/XMLSchema-instance" xsi:schemaLocation="FlowChart.xsd"><Files xmlns=""><File id="F_20" Name="C:\GitRepos\cics-genapp-main\base\src\lgipol01.cbl"/><File id="F_2" Name="C:\GitRepos\cics-genapp-main\base\src\LGPOLICY.cpy"/><File id="F_4" Name="C:\GitRepos\cics-genapp-main\base\src\LGCMAREA.cpy"/></Files><Sections xmlns=""><Section Name="MAINLINE"><StartPos FileId="F_20" Row="70" Column="8"/><EndPos FileId="F_20" Row="70" Column="16"/><Paragraph id="P_71" Name="MAINLINE_FIRST_SENTENCES" FallThrough="0"><StartPos FileId="F_20" Row="70" Column="8"/><EndPos FileId="F_20" Row="70" Column="16"/><Statements><Statement><StartPos FileId="F_20" Row="72" Column="12"/><EndPos FileId="F_20" Row="72" Column="32"/></Statement><Statement><StartPos FileId="F_20" Row="74" Column="12"/><EndPos FileId="F_20" Row="74" Column="39"/></Statement><Statement><StartPos FileId="F_20" Row="75" Column="12"/><EndPos FileId="F_20" Row="75" Column="38"/></Statement><Statement><StartPos FileId="F_20" Row="76" Column="12"/><EndPos FileId="F_20" Row="76" Column="39"/></Statement><IfStatement><StartPos FileId="F_20" Row="79" Column="12"/><EndPos FileId="F_20" Row="79" Column="40"/><Then><Statement><StartPos FileId="F_20" Row="80" Column="16"/><EndPos FileId="F_20" Row="80" Column="59"/></Statement><FlowControlStatement><StartPos FileId="F_20" Row="81" Column="16"/><EndPos FileId="F_20" Row="81" Column="43"/><ParagraphRef IdRef="P_73"/></FlowControlStatement><Statement><StartPos FileId="F_20" Row="82" Column="26"/><EndPos FileId="F_20" Row="82" Column="53"/></Statement></Then></IfStatement><Statement><StartPos FileId="F_20" Row="86" Column="12"/><EndPos FileId="F_20" Row="86" Column="39"/></Statement><Statement><StartPos FileId="F_20" Row="87" Column="12"/><EndPos FileId="F_20" Row="87" Column="37"/></Statement><Statement><StartPos FileId="F_20" Row="88" Column="12"/><EndPos FileId="F_20" Row="88" Column="61"/></Statement><Statement><StartPos FileId="F_20" Row="91" Column="22"/><EndPos FileId="F_20" Row="93" Column="29"/></Statement><Statement><StartPos FileId="F_20" Row="96" Column="22"/><EndPos FileId="F_20" Row="96" Column="28"/></Statement></Statements></Paragraph><Paragraph id="P_72" Name="MAINLINE-EXIT" FallThrough="0"><StartPos FileId="F_20" Row="98" Column="8"/><EndPos FileId="F_20" Row="98" Column="21"/><Statements><ExitStatement><StartPos FileId="F_20" Row="99" Column="12"/><EndPos FileId="F_20" Row="99" Column="16"/></ExitStatement></Statements></Paragraph><Paragraph id="P_73" Name="WRITE-ERROR-MESSAGE" FallThrough="0"><StartPos FileId="F_20" Row="107" Column="8"/><EndPos FileId="F_20" Row="107" Column="27"/><Statements><Statement><StartPos FileId="F_20" Row="110" Column="22"/><EndPos FileId="F_20" Row="110" Column="47"/></Statement><Statement><StartPos FileId="F_20" Row="112" Column="22"/><EndPos FileId="F_20" Row="114" Column="33"/></Statement><Statement><StartPos FileId="F_20" Row="116" Column="12"/><EndPos FileId="F_20" Row="116" Column="33"/></Statement><Statement><StartPos FileId="F_20" Row="117" Column="12"/><EndPos FileId="F_20" Row="117" Column="33"/></Statement><Statement><StartPos FileId="F_20" Row="119" Column="22"/><EndPos FileId="F_20" Row="121" Column="49"/></Statement><IfStatement><StartPos FileId="F_20" Row="124" Column="12"/><EndPos FileId="F_20" Row="124" Column="27"/><Then><IfStatement><StartPos FileId="F_20" Row="125" Column="14"/><EndPos FileId="F_20" Row="125" Column="30"/><Then><Statement><StartPos FileId="F_20" Row="126" Column="16"/><EndPos FileId="F_20" Row="126" Column="55"/></Statement><Statement><StartPos FileId="F_20" Row="127" Column="26"/><EndPos FileId="F_20" Row="129" Column="56"/></Statement></Then><Else><Statement><StartPos FileId="F_20" Row="132" Column="16"/><EndPos FileId="F_20" Row="132" Column="49"/></Statement><Statement><StartPos FileId="F_20" Row="133" Column="26"/><EndPos FileId="F_20" Row="135" Column="56"/></Statement></Else></IfStatement></Then></IfStatement><ExitStatement><StartPos FileId="F_20" Row="139" Column="12"/><EndPos FileId="F_20" Row="139" Column="16"/></ExitStatement></Statements></Paragraph></Section></Sections></FlowChart>
