<FlowChart xmlns="http://www.EZL.com//FlowChart" xmlns:xsi="http://www.w3.org/2001/XMLSchema-instance" xsi:schemaLocation="FlowChart.xsd"><Files xmlns=""><File id="F_21" Name="C:\GitRepos\cics-genapp-main\base\src\lgsetup.cbl"/></Files><Sections xmlns=""><Section Name="MAINLINE"><StartPos FileId="F_21" Row="126" Column="8"/><EndPos FileId="F_21" Row="126" Column="16"/><Paragraph id="P_74" Name="MAINLINE_FIRST_SENTENCES" FallThrough="0"><StartPos FileId="F_21" Row="126" Column="8"/><EndPos FileId="F_21" Row="126" Column="16"/><Statements><Statement><StartPos FileId="F_21" Row="128" Column="22"/><EndPos FileId="F_21" Row="130" Column="29"/></Statement><IfStatement><StartPos FileId="F_21" Row="132" Column="12"/><EndPos FileId="F_21" Row="132" Column="30"/><Then><Statement><StartPos FileId="F_21" Row="133" Column="14"/><EndPos FileId="F_21" Row="133" Column="41"/></Statement><Statement><StartPos FileId="F_21" Row="134" Column="14"/><EndPos FileId="F_21" Row="134" Column="62"/></Statement></Then></IfStatement><Statement><StartPos FileId="F_21" Row="138" Column="22"/><EndPos FileId="F_21" Row="139" Column="35"/></Statement><Statement><StartPos FileId="F_21" Row="142" Column="22"/><EndPos FileId="F_21" Row="143" Column="35"/></Statement><Statement><StartPos FileId="F_21" Row="146" Column="22"/><EndPos FileId="F_21" Row="147" Column="35"/></Statement><Statement><StartPos FileId="F_21" Row="150" Column="22"/><EndPos FileId="F_21" Row="151" Column="35"/></Statement><Statement><StartPos FileId="F_21" Row="154" Column="12"/><EndPos FileId="F_21" Row="154" Column="46"/></Statement><Statement><StartPos FileId="F_21" Row="155" Column="12"/><EndPos FileId="F_21" Row="155" Column="47"/></Statement><Statement><StartPos FileId="F_21" Row="157" Column="24"/><EndPos FileId="F_21" Row="161" Column="34"/></Statement><Statement><StartPos FileId="F_21" Row="164" Column="24"/><EndPos FileId="F_21" Row="168" Column="34"/></Statement><Statement><StartPos FileId="F_21" Row="171" Column="24"/><EndPos FileId="F_21" Row="175" Column="34"/></Statement><Statement><StartPos FileId="F_21" Row="179" Column="22"/><EndPos FileId="F_21" Row="181" Column="42"/></Statement><Statement><StartPos FileId="F_21" Row="183" Column="22"/><EndPos FileId="F_21" Row="186" Column="42"/></Statement><Statement><StartPos FileId="F_21" Row="189" Column="22"/><EndPos FileId="F_21" Row="191" Column="42"/></Statement><Statement><StartPos FileId="F_21" Row="193" Column="22"/><EndPos FileId="F_21" Row="196" Column="42"/></Statement><Statement><StartPos FileId="F_21" Row="198" Column="22"/><EndPos FileId="F_21" Row="200" Column="42"/></Statement><Statement><StartPos FileId="F_21" Row="202" Column="22"/><EndPos FileId="F_21" Row="205" Column="42"/></Statement><Statement><StartPos FileId="F_21" Row="207" Column="22"/><EndPos FileId="F_21" Row="209" Column="42"/></Statement><Statement><StartPos FileId="F_21" Row="211" Column="22"/><EndPos FileId="F_21" Row="214" Column="42"/></Statement><Statement><StartPos FileId="F_21" Row="216" Column="22"/><EndPos FileId="F_21" Row="218" Column="42"/></Statement><Statement><StartPos FileId="F_21" Row="220" Column="22"/><EndPos FileId="F_21" Row="223" Column="42"/></Statement><Statement><StartPos FileId="F_21" Row="226" Column="22"/><EndPos FileId="F_21" Row="228" Column="42"/></Statement><Statement><StartPos FileId="F_21" Row="230" Column="22"/><EndPos FileId="F_21" Row="233" Column="42"/></Statement><Statement><StartPos FileId="F_21" Row="235" Column="22"/><EndPos FileId="F_21" Row="237" Column="42"/></Statement><Statement><StartPos FileId="F_21" Row="239" Column="22"/><EndPos FileId="F_21" Row="242" Column="42"/></Statement><Statement><StartPos FileId="F_21" Row="244" Column="22"/><EndPos FileId="F_21" Row="246" Column="42"/></Statement><Statement><StartPos FileId="F_21" Row="248" Column="22"/><EndPos FileId="F_21" Row="251" Column="42"/></Statement><Statement><StartPos FileId="F_21" Row="253" Column="22"/><EndPos FileId="F_21" Row="255" Column="42"/></Statement><Statement><StartPos FileId="F_21" Row="257" Column="22"/><EndPos FileId="F_21" Row="260" Column="42"/></Statement><Statement><StartPos FileId="F_21" Row="262" Column="22"/><EndPos FileId="F_21" Row="264" Column="42"/></Statement><Statement><StartPos FileId="F_21" Row="266" Column="22"/><EndPos FileId="F_21" Row="269" Column="42"/></Statement><Statement><StartPos FileId="F_21" Row="271" Column="22"/><EndPos FileId="F_21" Row="273" Column="42"/></Statement><Statement><StartPos FileId="F_21" Row="275" Column="22"/><EndPos FileId="F_21" Row="278" Column="42"/></Statement><Statement><StartPos FileId="F_21" Row="280" Column="22"/><EndPos FileId="F_21" Row="282" Column="42"/></Statement><Statement><StartPos FileId="F_21" Row="284" Column="22"/><EndPos FileId="F_21" Row="287" Column="42"/></Statement><Statement><StartPos FileId="F_21" Row="289" Column="22"/><EndPos FileId="F_21" Row="291" Column="42"/></Statement><Statement><StartPos FileId="F_21" Row="293" Column="22"/><EndPos FileId="F_21" Row="296" Column="42"/></Statement><Statement><StartPos FileId="F_21" Row="299" Column="22"/><EndPos FileId="F_21" Row="301" Column="42"/></Statement><Statement><StartPos FileId="F_21" Row="303" Column="22"/><EndPos FileId="F_21" Row="306" Column="42"/></Statement><Statement><StartPos FileId="F_21" Row="308" Column="22"/><EndPos FileId="F_21" Row="310" Column="42"/></Statement><Statement><StartPos FileId="F_21" Row="312" Column="22"/><EndPos FileId="F_21" Row="315" Column="42"/></Statement><Statement><StartPos FileId="F_21" Row="317" Column="22"/><EndPos FileId="F_21" Row="319" Column="42"/></Statement><Statement><StartPos FileId="F_21" Row="321" Column="22"/><EndPos FileId="F_21" Row="324" Column="42"/></Statement><Statement><StartPos FileId="F_21" Row="326" Column="22"/><EndPos FileId="F_21" Row="328" Column="42"/></Statement><Statement><StartPos FileId="F_21" Row="330" Column="22"/><EndPos FileId="F_21" Row="333" Column="42"/></Statement><Statement><StartPos FileId="F_21" Row="335" Column="22"/><EndPos FileId="F_21" Row="337" Column="42"/></Statement><Statement><StartPos FileId="F_21" Row="339" Column="22"/><EndPos FileId="F_21" Row="342" Column="42"/></Statement><Statement><StartPos FileId="F_21" Row="344" Column="22"/><EndPos FileId="F_21" Row="346" Column="42"/></Statement><Statement><StartPos FileId="F_21" Row="348" Column="22"/><EndPos FileId="F_21" Row="351" Column="42"/></Statement><Statement><StartPos FileId="F_21" Row="353" Column="22"/><EndPos FileId="F_21" Row="355" Column="42"/></Statement><Statement><StartPos FileId="F_21" Row="357" Column="22"/><EndPos FileId="F_21" Row="360" Column="42"/></Statement><Statement><StartPos FileId="F_21" Row="362" Column="22"/><EndPos FileId="F_21" Row="364" Column="42"/></Statement><Statement><StartPos FileId="F_21" Row="366" Column="22"/><EndPos FileId="F_21" Row="369" Column="42"/></Statement><Statement><StartPos FileId="F_21" Row="372" Column="22"/><EndPos FileId="F_21" Row="374" Column="42"/></Statement><Statement><StartPos FileId="F_21" Row="376" Column="22"/><EndPos FileId="F_21" Row="379" Column="42"/></Statement><Statement><StartPos FileId="F_21" Row="381" Column="22"/><EndPos FileId="F_21" Row="383" Column="42"/></Statement><Statement><StartPos FileId="F_21" Row="385" Column="22"/><EndPos FileId="F_21" Row="388" Column="42"/></Statement><Statement><StartPos FileId="F_21" Row="390" Column="22"/><EndPos FileId="F_21" Row="392" Column="42"/></Statement><Statement><StartPos FileId="F_21" Row="394" Column="22"/><EndPos FileId="F_21" Row="397" Column="42"/></Statement><Statement><StartPos FileId="F_21" Row="399" Column="22"/><EndPos FileId="F_21" Row="401" Column="42"/></Statement><Statement><StartPos FileId="F_21" Row="403" Column="22"/><EndPos FileId="F_21" Row="406" Column="42"/></Statement><Statement><StartPos FileId="F_21" Row="408" Column="22"/><EndPos FileId="F_21" Row="410" Column="42"/></Statement><Statement><StartPos FileId="F_21" Row="412" Column="22"/><EndPos FileId="F_21" Row="415" Column="42"/></Statement><Statement><StartPos FileId="F_21" Row="417" Column="22"/><EndPos FileId="F_21" Row="419" Column="42"/></Statement><Statement><StartPos FileId="F_21" Row="421" Column="22"/><EndPos FileId="F_21" Row="424" Column="42"/></Statement><Statement><StartPos FileId="F_21" Row="426" Column="22"/><EndPos FileId="F_21" Row="428" Column="42"/></Statement><Statement><StartPos FileId="F_21" Row="430" Column="22"/><EndPos FileId="F_21" Row="433" Column="42"/></Statement><Statement><StartPos FileId="F_21" Row="435" Column="22"/><EndPos FileId="F_21" Row="437" Column="42"/></Statement><Statement><StartPos FileId="F_21" Row="439" Column="22"/><EndPos FileId="F_21" Row="442" Column="42"/></Statement><Statement><StartPos FileId="F_21" Row="445" Column="22"/><EndPos FileId="F_21" Row="447" Column="42"/></Statement><Statement><StartPos FileId="F_21" Row="449" Column="22"/><EndPos FileId="F_21" Row="452" Column="42"/></Statement><Statement><StartPos FileId="F_21" Row="454" Column="22"/><EndPos FileId="F_21" Row="456" Column="42"/></Statement><Statement><StartPos FileId="F_21" Row="458" Column="22"/><EndPos FileId="F_21" Row="461" Column="42"/></Statement><Statement><StartPos FileId="F_21" Row="463" Column="22"/><EndPos FileId="F_21" Row="465" Column="42"/></Statement><Statement><StartPos FileId="F_21" Row="467" Column="22"/><EndPos FileId="F_21" Row="470" Column="42"/></Statement><Statement><StartPos FileId="F_21" Row="472" Column="22"/><EndPos FileId="F_21" Row="474" Column="42"/></Statement><Statement><StartPos FileId="F_21" Row="476" Column="22"/><EndPos FileId="F_21" Row="479" Column="42"/></Statement><Statement><StartPos FileId="F_21" Row="481" Column="22"/><EndPos FileId="F_21" Row="483" Column="42"/></Statement><Statement><StartPos FileId="F_21" Row="485" Column="22"/><EndPos FileId="F_21" Row="488" Column="42"/></Statement><Statement><StartPos FileId="F_21" Row="490" Column="22"/><EndPos FileId="F_21" Row="492" Column="42"/></Statement><Statement><StartPos FileId="F_21" Row="494" Column="22"/><EndPos FileId="F_21" Row="497" Column="42"/></Statement><Statement><StartPos FileId="F_21" Row="499" Column="22"/><EndPos FileId="F_21" Row="501" Column="42"/></Statement><Statement><StartPos FileId="F_21" Row="503" Column="22"/><EndPos FileId="F_21" Row="506" Column="42"/></Statement><Statement><StartPos FileId="F_21" Row="508" Column="22"/><EndPos FileId="F_21" Row="510" Column="42"/></Statement><Statement><StartPos FileId="F_21" Row="512" Column="22"/><EndPos FileId="F_21" Row="515" Column="42"/></Statement><Statement><StartPos FileId="F_21" Row="520" Column="24"/><EndPos FileId="F_21" Row="524" Column="21"/></Statement><Statement><StartPos FileId="F_21" Row="527" Column="22"/><EndPos FileId="F_21" Row="527" Column="28"/></Statement></Statements></Paragraph><Paragraph id="P_75" Name="A-EXIT" FallThrough="0"><StartPos FileId="F_21" Row="530" Column="8"/><EndPos FileId="F_21" Row="530" Column="14"/><Statements><ExitStatement><StartPos FileId="F_21" Row="531" Column="12"/><EndPos FileId="F_21" Row="531" Column="16"/></ExitStatement><ExitStatement><StartPos FileId="F_21" Row="532" Column="12"/><EndPos FileId="F_21" Row="532" Column="18"/></ExitStatement></Statements></Paragraph></Section></Sections></FlowChart>
