<FlowChart xmlns="http://www.EZL.com//FlowChart" xmlns:xsi="http://www.w3.org/2001/XMLSchema-instance" xsi:schemaLocation="FlowChart.xsd"><Files xmlns=""><File id="F_22" Name="C:\GitRepos\cics-genapp-main\base\src\lgstsq.cbl"/></Files><Sections xmlns=""><Section Name="MAINLINE"><StartPos FileId="F_22" Row="55" Column="8"/><EndPos FileId="F_22" Row="55" Column="16"/><Paragraph id="P_76" Name="MAINLINE_FIRST_SENTENCES" FallThrough="0"><StartPos FileId="F_22" Row="55" Column="8"/><EndPos FileId="F_22" Row="55" Column="16"/><Statements><Statement><StartPos FileId="F_22" Row="57" Column="12"/><EndPos FileId="F_22" Row="57" Column="36"/></Statement><Statement><StartPos FileId="F_22" Row="58" Column="12"/><EndPos FileId="F_22" Row="58" Column="34"/></Statement><Statement><StartPos FileId="F_22" Row="60" Column="22"/><EndPos FileId="F_22" Row="61" Column="30"/></Statement><Statement><StartPos FileId="F_22" Row="64" Column="22"/><EndPos FileId="F_22" Row="65" Column="30"/></Statement><IfStatement><StartPos FileId="F_22" Row="68" Column="12"/><EndPos FileId="F_22" Row="68" Column="41"/><Then><Statement><StartPos FileId="F_22" Row="69" Column="15"/><EndPos FileId="F_22" Row="69" Column="34"/></Statement><Statement><StartPos FileId="F_22" Row="70" Column="15"/><EndPos FileId="F_22" Row="70" Column="48"/></Statement><Statement><StartPos FileId="F_22" Row="71" Column="15"/><EndPos FileId="F_22" Row="71" Column="46"/></Statement></Then><Else><Statement><StartPos FileId="F_22" Row="73" Column="25"/><EndPos FileId="F_22" Row="75" Column="32"/></Statement><Statement><StartPos FileId="F_22" Row="77" Column="15"/><EndPos FileId="F_22" Row="77" Column="34"/></Statement><Statement><StartPos FileId="F_22" Row="78" Column="15"/><EndPos FileId="F_22" Row="78" Column="50"/></Statement><Statement><StartPos FileId="F_22" Row="79" Column="15"/><EndPos FileId="F_22" Row="79" Column="42"/></Statement></Else></IfStatement><Statement><StartPos FileId="F_22" Row="82" Column="12"/><EndPos FileId="F_22" Row="82" Column="40"/></Statement><IfStatement><StartPos FileId="F_22" Row="83" Column="12"/><EndPos FileId="F_22" Row="83" Column="40"/><Then><Statement><StartPos FileId="F_22" Row="84" Column="15"/><EndPos FileId="F_22" Row="84" Column="50"/></Statement><Statement><StartPos FileId="F_22" Row="85" Column="15"/><EndPos FileId="F_22" Row="85" Column="43"/></Statement><Statement><StartPos FileId="F_22" Row="86" Column="15"/><EndPos FileId="F_22" Row="86" Column="51"/></Statement><Statement><StartPos FileId="F_22" Row="87" Column="15"/><EndPos FileId="F_22" Row="87" Column="42"/></Statement></Then></IfStatement><Statement><StartPos FileId="F_22" Row="90" Column="12"/><EndPos FileId="F_22" Row="90" Column="32"/></Statement><Statement><StartPos FileId="F_22" Row="94" Column="22"/><EndPos FileId="F_22" Row="97" Column="41"/></Statement><Statement><StartPos FileId="F_22" Row="105" Column="22"/><EndPos FileId="F_22" Row="109" Column="41"/></Statement><IfStatement><StartPos FileId="F_22" Row="113" Column="12"/><EndPos FileId="F_22" Row="114" Column="23"/><Then><Statement><StartPos FileId="F_22" Row="114" Column="24"/><EndPos FileId="F_22" Row="118" Column="21"/></Statement></Then></IfStatement><Statement><StartPos FileId="F_22" Row="121" Column="22"/><EndPos FileId="F_22" Row="121" Column="28"/></Statement></Statements></Paragraph><Paragraph id="P_77" Name="A-EXIT" FallThrough="0"><StartPos FileId="F_22" Row="124" Column="8"/><EndPos FileId="F_22" Row="124" Column="14"/><Statements><ExitStatement><StartPos FileId="F_22" Row="125" Column="12"/><EndPos FileId="F_22" Row="125" Column="16"/></ExitStatement><ExitStatement><StartPos FileId="F_22" Row="126" Column="12"/><EndPos FileId="F_22" Row="126" Column="18"/></ExitStatement></Statements></Paragraph></Section></Sections></FlowChart>
