<FlowChart xmlns="http://www.EZL.com//FlowChart" xmlns:xsi="http://www.w3.org/2001/XMLSchema-instance" xsi:schemaLocation="FlowChart.xsd"><Files xmlns=""><File id="F_27" Name="C:\GitRepos\cics-genapp-main\base\src\lgtestp3.cbl"/><File id="F_24" Name="C:\GitRepos\cics-genapp-main\base\src\SSMAP.bms"/><File id="F_4" Name="C:\GitRepos\cics-genapp-main\base\src\LGCMAREA.cpy"/></Files><Sections xmlns=""><Section Name="MAINLINE"><StartPos FileId="F_27" Row="30" Column="8"/><EndPos FileId="F_27" Row="30" Column="16"/><Paragraph id="P_108" Name="MAINLINE_FIRST_SENTENCES" FallThrough="2"><StartPos FileId="F_27" Row="30" Column="8"/><EndPos FileId="F_27" Row="30" Column="16"/><Statements><IfStatement><StartPos FileId="F_27" Row="32" Column="12"/><EndPos FileId="F_27" Row="32" Column="27"/><Then><FlowControlStatement><StartPos FileId="F_27" Row="33" Column="15"/><EndPos FileId="F_27" Row="33" Column="27"/><ParagraphRef IdRef="P_109"/></FlowControlStatement></Then></IfStatement><Statement><StartPos FileId="F_27" Row="35" Column="12"/><EndPos FileId="F_27" Row="35" Column="31"/></Statement><Statement><StartPos FileId="F_27" Row="36" Column="12"/><EndPos FileId="F_27" Row="36" Column="31"/></Statement><Statement><StartPos FileId="F_27" Row="37" Column="12"/><EndPos FileId="F_27" Row="37" Column="32"/></Statement><Statement><StartPos FileId="F_27" Row="38" Column="12"/><EndPos FileId="F_27" Row="38" Column="43"/></Statement><Statement><StartPos FileId="F_27" Row="39" Column="12"/><EndPos FileId="F_27" Row="39" Column="43"/></Statement><Statement><StartPos FileId="F_27" Row="40" Column="12"/><EndPos FileId="F_27" Row="40" Column="43"/></Statement><Statement><StartPos FileId="F_27" Row="41" Column="12"/><EndPos FileId="F_27" Row="41" Column="43"/></Statement><Statement><StartPos FileId="F_27" Row="45" Column="22"/><EndPos FileId="F_27" Row="47" Column="27"/></Statement></Statements></Paragraph><Paragraph id="P_109" Name="A-GAIN" FallThrough="0"><StartPos FileId="F_27" Row="50" Column="8"/><EndPos FileId="F_27" Row="50" Column="14"/><Statements><Statement><StartPos FileId="F_27" Row="52" Column="22"/><EndPos FileId="F_27" Row="54" Column="32"/></Statement><Statement><StartPos FileId="F_27" Row="55" Column="22"/><EndPos FileId="F_27" Row="56" Column="36"/></Statement><Statement><StartPos FileId="F_27" Row="59" Column="22"/><EndPos FileId="F_27" Row="61" Column="37"/></Statement><SwitchState><StartPos FileId="F_27" Row="64" Column="12"/><EndPos FileId="F_27" Row="64" Column="20"/><Cases><Case><StartPos FileId="F_27" Row="66" Column="14"/><EndPos FileId="F_27" Row="66" Column="22"/><Statements><Statement><StartPos FileId="F_27" Row="67" Column="18"/><EndPos FileId="F_27" Row="67" Column="50"/></Statement><Statement><StartPos FileId="F_27" Row="68" Column="18"/><EndPos FileId="F_27" Row="68" Column="52"/></Statement><Statement><StartPos FileId="F_27" Row="69" Column="18"/><EndPos FileId="F_27" Row="69" Column="50"/></Statement><Statement><StartPos FileId="F_27" Row="70" Column="28"/><EndPos FileId="F_27" Row="72" Column="41"/></Statement><IfStatement><StartPos FileId="F_27" Row="74" Column="18"/><EndPos FileId="F_27" Row="74" Column="39"/><Then><FlowControlStatement><StartPos FileId="F_27" Row="75" Column="20"/><EndPos FileId="F_27" Row="75" Column="33"/><ParagraphRef IdRef="P_116"/></FlowControlStatement></Then></IfStatement><Statement><StartPos FileId="F_27" Row="78" Column="18"/><EndPos FileId="F_27" Row="78" Column="54"/></Statement><Statement><StartPos FileId="F_27" Row="79" Column="18"/><EndPos FileId="F_27" Row="79" Column="54"/></Statement><Statement><StartPos FileId="F_27" Row="80" Column="18"/><EndPos FileId="F_27" Row="80" Column="54"/></Statement><Statement><StartPos FileId="F_27" Row="81" Column="18"/><EndPos FileId="F_27" Row="81" Column="54"/></Statement><Statement><StartPos FileId="F_27" Row="82" Column="18"/><EndPos FileId="F_27" Row="82" Column="54"/></Statement><Statement><StartPos FileId="F_27" Row="83" Column="18"/><EndPos FileId="F_27" Row="83" Column="54"/></Statement><Statement><StartPos FileId="F_27" Row="84" Column="18"/><EndPos FileId="F_27" Row="84" Column="54"/></Statement><Statement><StartPos FileId="F_27" Row="85" Column="18"/><EndPos FileId="F_27" Row="85" Column="54"/></Statement><Statement><StartPos FileId="F_27" Row="86" Column="28"/><EndPos FileId="F_27" Row="88" Column="44"/></Statement><FlowControlStatement><StartPos FileId="F_27" Row="90" Column="18"/><EndPos FileId="F_27" Row="90" Column="37"/><ParagraphRef IdRef="P_110"/></FlowControlStatement></Statements></Case><Case><StartPos FileId="F_27" Row="92" Column="14"/><EndPos FileId="F_27" Row="92" Column="22"/><Statements><Statement><StartPos FileId="F_27" Row="93" Column="18"/><EndPos FileId="F_27" Row="93" Column="57"/></Statement><Statement><StartPos FileId="F_27" Row="94" Column="18"/><EndPos FileId="F_27" Row="94" Column="59"/></Statement><Statement><StartPos FileId="F_27" Row="95" Column="18"/><EndPos FileId="F_27" Row="95" Column="54"/></Statement><Statement><StartPos FileId="F_27" Row="96" Column="18"/><EndPos FileId="F_27" Row="96" Column="55"/></Statement><Statement><StartPos FileId="F_27" Row="97" Column="18"/><EndPos FileId="F_27" Row="97" Column="57"/></Statement><Statement><StartPos FileId="F_27" Row="98" Column="18"/><EndPos FileId="F_27" Row="98" Column="57"/></Statement><Statement><StartPos FileId="F_27" Row="99" Column="18"/><EndPos FileId="F_27" Row="99" Column="58"/></Statement><Statement><StartPos FileId="F_27" Row="100" Column="18"/><EndPos FileId="F_27" Row="100" Column="62"/></Statement><Statement><StartPos FileId="F_27" Row="101" Column="18"/><EndPos FileId="F_27" Row="101" Column="57"/></Statement><Statement><StartPos FileId="F_27" Row="102" Column="18"/><EndPos FileId="F_27" Row="102" Column="54"/></Statement><Statement><StartPos FileId="F_27" Row="103" Column="18"/><EndPos FileId="F_27" Row="103" Column="59"/></Statement><Statement><StartPos FileId="F_27" Row="104" Column="18"/><EndPos FileId="F_27" Row="104" Column="61"/></Statement><Statement><StartPos FileId="F_27" Row="105" Column="18"/><EndPos FileId="F_27" Row="105" Column="57"/></Statement><Statement><StartPos FileId="F_27" Row="106" Column="28"/><EndPos FileId="F_27" Row="108" Column="41"/></Statement><IfStatement><StartPos FileId="F_27" Row="110" Column="18"/><EndPos FileId="F_27" Row="111" Column="29"/><Then><Statement><StartPos FileId="F_27" Row="111" Column="30"/><EndPos FileId="F_27" Row="111" Column="48"/></Statement><FlowControlStatement><StartPos FileId="F_27" Row="112" Column="20"/><EndPos FileId="F_27" Row="112" Column="32"/><ParagraphRef IdRef="P_113"/></FlowControlStatement></Then></IfStatement><Statement><StartPos FileId="F_27" Row="114" Column="18"/><EndPos FileId="F_27" Row="114" Column="50"/></Statement><Statement><StartPos FileId="F_27" Row="115" Column="18"/><EndPos FileId="F_27" Row="115" Column="50"/></Statement><Statement><StartPos FileId="F_27" Row="116" Column="18"/><EndPos FileId="F_27" Row="116" Column="50"/></Statement><Statement><StartPos FileId="F_27" Row="117" Column="18"/><EndPos FileId="F_27" Row="118" Column="32"/></Statement><Statement><StartPos FileId="F_27" Row="119" Column="28"/><EndPos FileId="F_27" Row="121" Column="44"/></Statement><FlowControlStatement><StartPos FileId="F_27" Row="123" Column="18"/><EndPos FileId="F_27" Row="123" Column="37"/><ParagraphRef IdRef="P_110"/></FlowControlStatement></Statements></Case><Case><StartPos FileId="F_27" Row="125" Column="14"/><EndPos FileId="F_27" Row="125" Column="22"/><Statements><Statement><StartPos FileId="F_27" Row="126" Column="18"/><EndPos FileId="F_27" Row="126" Column="50"/></Statement><Statement><StartPos FileId="F_27" Row="127" Column="18"/><EndPos FileId="F_27" Row="127" Column="52"/></Statement><Statement><StartPos FileId="F_27" Row="128" Column="18"/><EndPos FileId="F_27" Row="128" Column="50"/></Statement><Statement><StartPos FileId="F_27" Row="129" Column="28"/><EndPos FileId="F_27" Row="131" Column="41"/></Statement><IfStatement><StartPos FileId="F_27" Row="133" Column="18"/><EndPos FileId="F_27" Row="134" Column="29"/><Then><Statement><StartPos FileId="F_27" Row="134" Column="30"/><EndPos FileId="F_27" Row="134" Column="48"/></Statement><FlowControlStatement><StartPos FileId="F_27" Row="135" Column="20"/><EndPos FileId="F_27" Row="135" Column="35"/><ParagraphRef IdRef="P_115"/></FlowControlStatement></Then></IfStatement><Statement><StartPos FileId="F_27" Row="138" Column="18"/><EndPos FileId="F_27" Row="138" Column="54"/></Statement><Statement><StartPos FileId="F_27" Row="139" Column="18"/><EndPos FileId="F_27" Row="139" Column="54"/></Statement><Statement><StartPos FileId="F_27" Row="140" Column="18"/><EndPos FileId="F_27" Row="140" Column="54"/></Statement><Statement><StartPos FileId="F_27" Row="141" Column="18"/><EndPos FileId="F_27" Row="141" Column="54"/></Statement><Statement><StartPos FileId="F_27" Row="142" Column="18"/><EndPos FileId="F_27" Row="142" Column="54"/></Statement><Statement><StartPos FileId="F_27" Row="143" Column="18"/><EndPos FileId="F_27" Row="143" Column="54"/></Statement><Statement><StartPos FileId="F_27" Row="144" Column="18"/><EndPos FileId="F_27" Row="144" Column="54"/></Statement><Statement><StartPos FileId="F_27" Row="145" Column="18"/><EndPos FileId="F_27" Row="145" Column="54"/></Statement><Statement><StartPos FileId="F_27" Row="146" Column="18"/><EndPos FileId="F_27" Row="146" Column="50"/></Statement><Statement><StartPos FileId="F_27" Row="147" Column="18"/><EndPos FileId="F_27" Row="148" Column="32"/></Statement><Statement><StartPos FileId="F_27" Row="149" Column="28"/><EndPos FileId="F_27" Row="151" Column="44"/></Statement><FlowControlStatement><StartPos FileId="F_27" Row="153" Column="18"/><EndPos FileId="F_27" Row="153" Column="37"/><ParagraphRef IdRef="P_110"/></FlowControlStatement></Statements></Case><Case><StartPos FileId="F_27" Row="155" Column="14"/><EndPos FileId="F_27" Row="155" Column="22"/><Statements><Statement><StartPos FileId="F_27" Row="156" Column="18"/><EndPos FileId="F_27" Row="156" Column="50"/></Statement><Statement><StartPos FileId="F_27" Row="157" Column="18"/><EndPos FileId="F_27" Row="157" Column="52"/></Statement><Statement><StartPos FileId="F_27" Row="158" Column="18"/><EndPos FileId="F_27" Row="158" Column="50"/></Statement><Statement><StartPos FileId="F_27" Row="159" Column="28"/><EndPos FileId="F_27" Row="161" Column="41"/></Statement><IfStatement><StartPos FileId="F_27" Row="163" Column="18"/><EndPos FileId="F_27" Row="163" Column="39"/><Then><FlowControlStatement><StartPos FileId="F_27" Row="164" Column="20"/><EndPos FileId="F_27" Row="164" Column="33"/><ParagraphRef IdRef="P_116"/></FlowControlStatement></Then></IfStatement><Statement><StartPos FileId="F_27" Row="167" Column="18"/><EndPos FileId="F_27" Row="167" Column="54"/></Statement><Statement><StartPos FileId="F_27" Row="168" Column="18"/><EndPos FileId="F_27" Row="168" Column="54"/></Statement><Statement><StartPos FileId="F_27" Row="169" Column="18"/><EndPos FileId="F_27" Row="169" Column="54"/></Statement><Statement><StartPos FileId="F_27" Row="170" Column="18"/><EndPos FileId="F_27" Row="170" Column="54"/></Statement><Statement><StartPos FileId="F_27" Row="171" Column="18"/><EndPos FileId="F_27" Row="171" Column="54"/></Statement><Statement><StartPos FileId="F_27" Row="172" Column="18"/><EndPos FileId="F_27" Row="172" Column="54"/></Statement><Statement><StartPos FileId="F_27" Row="173" Column="18"/><EndPos FileId="F_27" Row="173" Column="54"/></Statement><Statement><StartPos FileId="F_27" Row="174" Column="18"/><EndPos FileId="F_27" Row="174" Column="54"/></Statement><Statement><StartPos FileId="F_27" Row="175" Column="28"/><EndPos FileId="F_27" Row="177" Column="44"/></Statement><Statement><StartPos FileId="F_27" Row="179" Column="28"/><EndPos FileId="F_27" Row="181" Column="43"/></Statement><Statement><StartPos FileId="F_27" Row="183" Column="18"/><EndPos FileId="F_27" Row="183" Column="57"/></Statement><Statement><StartPos FileId="F_27" Row="184" Column="18"/><EndPos FileId="F_27" Row="184" Column="59"/></Statement><Statement><StartPos FileId="F_27" Row="185" Column="18"/><EndPos FileId="F_27" Row="185" Column="54"/></Statement><Statement><StartPos FileId="F_27" Row="186" Column="18"/><EndPos FileId="F_27" Row="186" Column="55"/></Statement><Statement><StartPos FileId="F_27" Row="187" Column="18"/><EndPos FileId="F_27" Row="187" Column="57"/></Statement><Statement><StartPos FileId="F_27" Row="188" Column="18"/><EndPos FileId="F_27" Row="188" Column="57"/></Statement><Statement><StartPos FileId="F_27" Row="189" Column="18"/><EndPos FileId="F_27" Row="189" Column="58"/></Statement><Statement><StartPos FileId="F_27" Row="190" Column="18"/><EndPos FileId="F_27" Row="190" Column="62"/></Statement><Statement><StartPos FileId="F_27" Row="191" Column="18"/><EndPos FileId="F_27" Row="191" Column="57"/></Statement><Statement><StartPos FileId="F_27" Row="192" Column="18"/><EndPos FileId="F_27" Row="192" Column="54"/></Statement><Statement><StartPos FileId="F_27" Row="193" Column="18"/><EndPos FileId="F_27" Row="193" Column="59"/></Statement><Statement><StartPos FileId="F_27" Row="194" Column="18"/><EndPos FileId="F_27" Row="194" Column="61"/></Statement><Statement><StartPos FileId="F_27" Row="195" Column="18"/><EndPos FileId="F_27" Row="195" Column="57"/></Statement><Statement><StartPos FileId="F_27" Row="196" Column="28"/><EndPos FileId="F_27" Row="198" Column="41"/></Statement><IfStatement><StartPos FileId="F_27" Row="200" Column="18"/><EndPos FileId="F_27" Row="200" Column="39"/><Then><FlowControlStatement><StartPos FileId="F_27" Row="201" Column="20"/><EndPos FileId="F_27" Row="201" Column="32"/><ParagraphRef IdRef="P_114"/></FlowControlStatement></Then></IfStatement><Statement><StartPos FileId="F_27" Row="204" Column="18"/><EndPos FileId="F_27" Row="204" Column="50"/></Statement><Statement><StartPos FileId="F_27" Row="205" Column="18"/><EndPos FileId="F_27" Row="205" Column="50"/></Statement><Statement><StartPos FileId="F_27" Row="206" Column="18"/><EndPos FileId="F_27" Row="206" Column="50"/></Statement><Statement><StartPos FileId="F_27" Row="207" Column="18"/><EndPos FileId="F_27" Row="208" Column="32"/></Statement><Statement><StartPos FileId="F_27" Row="209" Column="28"/><EndPos FileId="F_27" Row="211" Column="44"/></Statement><FlowControlStatement><StartPos FileId="F_27" Row="214" Column="18"/><EndPos FileId="F_27" Row="214" Column="37"/><ParagraphRef IdRef="P_110"/></FlowControlStatement></Statements></Case><Case IsOther="true"><StartPos FileId="F_27" Row="217" Column="19"/><EndPos FileId="F_27" Row="217" Column="32"/><Statements><Statement><StartPos FileId="F_27" Row="219" Column="18"/><EndPos FileId="F_27" Row="220" Column="32"/></Statement><Statement><StartPos FileId="F_27" Row="221" Column="18"/><EndPos FileId="F_27" Row="221" Column="37"/></Statement><Statement><StartPos FileId="F_27" Row="223" Column="28"/><EndPos FileId="F_27" Row="226" Column="34"/></Statement><FlowControlStatement><StartPos FileId="F_27" Row="228" Column="18"/><EndPos FileId="F_27" Row="228" Column="37"/><ParagraphRef IdRef="P_110"/></FlowControlStatement></Statements></Case></Cases></SwitchState><Statement><StartPos FileId="F_27" Row="235" Column="22"/><EndPos FileId="F_27" Row="235" Column="28"/></Statement></Statements></Paragraph><Paragraph id="P_110" Name="ENDIT-STARTIT" FallThrough="0"><StartPos FileId="F_27" Row="238" Column="8"/><EndPos FileId="F_27" Row="238" Column="21"/><Statements><Statement><StartPos FileId="F_27" Row="239" Column="22"/><EndPos FileId="F_27" Row="241" Column="36"/></Statement></Statements></Paragraph><Paragraph id="P_111" Name="ENDIT" FallThrough="0"><StartPos FileId="F_27" Row="244" Column="8"/><EndPos FileId="F_27" Row="244" Column="13"/><Statements><Statement><StartPos FileId="F_27" Row="245" Column="22"/><EndPos FileId="F_27" Row="249" Column="28"/></Statement><Statement><StartPos FileId="F_27" Row="251" Column="22"/><EndPos FileId="F_27" Row="251" Column="28"/></Statement></Statements></Paragraph><Paragraph id="P_112" Name="CLEARIT" FallThrough="0"><StartPos FileId="F_27" Row="254" Column="8"/><EndPos FileId="F_27" Row="254" Column="15"/><Statements><Statement><StartPos FileId="F_27" Row="256" Column="12"/><EndPos FileId="F_27" Row="256" Column="31"/></Statement><Statement><StartPos FileId="F_27" Row="257" Column="22"/><EndPos FileId="F_27" Row="259" Column="29"/></Statement><Statement><StartPos FileId="F_27" Row="262" Column="22"/><EndPos FileId="F_27" Row="264" Column="36"/></Statement></Statements></Paragraph><Paragraph id="P_113" Name="NO-ADD" FallThrough="2"><StartPos FileId="F_27" Row="267" Column="8"/><EndPos FileId="F_27" Row="267" Column="14"/><Statements><SwitchState><StartPos FileId="F_27" Row="268" Column="12"/><EndPos FileId="F_27" Row="268" Column="20"/><Cases><Case><StartPos FileId="F_27" Row="269" Column="14"/><EndPos FileId="F_27" Row="269" Column="21"/><Statements><Statement><StartPos FileId="F_27" Row="270" Column="16"/><EndPos FileId="F_27" Row="270" Column="68"/></Statement><FlowControlStatement><StartPos FileId="F_27" Row="271" Column="16"/><EndPos FileId="F_27" Row="271" Column="31"/><ParagraphRef IdRef="P_117"/></FlowControlStatement></Statements></Case><Case IsOther="true"><StartPos FileId="F_27" Row="272" Column="19"/><EndPos FileId="F_27" Row="272" Column="32"/><Statements><Statement><StartPos FileId="F_27" Row="273" Column="16"/><EndPos FileId="F_27" Row="273" Column="68"/></Statement><FlowControlStatement><StartPos FileId="F_27" Row="274" Column="16"/><EndPos FileId="F_27" Row="274" Column="31"/><ParagraphRef IdRef="P_117"/></FlowControlStatement></Statements></Case></Cases></SwitchState></Statements></Paragraph><Paragraph id="P_114" Name="NO-UPD" FallThrough="0"><StartPos FileId="F_27" Row="277" Column="8"/><EndPos FileId="F_27" Row="277" Column="14"/><Statements><Statement><StartPos FileId="F_27" Row="278" Column="12"/><EndPos FileId="F_27" Row="278" Column="64"/></Statement><FlowControlStatement><StartPos FileId="F_27" Row="279" Column="12"/><EndPos FileId="F_27" Row="279" Column="27"/><ParagraphRef IdRef="P_117"/></FlowControlStatement></Statements></Paragraph><Paragraph id="P_115" Name="NO-DELETE" FallThrough="0"><StartPos FileId="F_27" Row="281" Column="8"/><EndPos FileId="F_27" Row="281" Column="17"/><Statements><Statement><StartPos FileId="F_27" Row="282" Column="12"/><EndPos FileId="F_27" Row="282" Column="64"/></Statement><FlowControlStatement><StartPos FileId="F_27" Row="283" Column="12"/><EndPos FileId="F_27" Row="283" Column="27"/><ParagraphRef IdRef="P_117"/></FlowControlStatement></Statements></Paragraph><Paragraph id="P_116" Name="NO-DATA" FallThrough="0"><StartPos FileId="F_27" Row="285" Column="8"/><EndPos FileId="F_27" Row="285" Column="15"/><Statements><Statement><StartPos FileId="F_27" Row="286" Column="12"/><EndPos FileId="F_27" Row="286" Column="64"/></Statement><FlowControlStatement><StartPos FileId="F_27" Row="287" Column="12"/><EndPos FileId="F_27" Row="287" Column="27"/><ParagraphRef IdRef="P_117"/></FlowControlStatement></Statements></Paragraph><Paragraph id="P_117" Name="ERROR-OUT" FallThrough="0"><StartPos FileId="F_27" Row="289" Column="8"/><EndPos FileId="F_27" Row="289" Column="17"/><Statements><Statement><StartPos FileId="F_27" Row="290" Column="22"/><EndPos FileId="F_27" Row="292" Column="38"/></Statement><Statement><StartPos FileId="F_27" Row="295" Column="12"/><EndPos FileId="F_27" Row="295" Column="31"/></Statement><Statement><StartPos FileId="F_27" Row="296" Column="12"/><EndPos FileId="F_27" Row="296" Column="31"/></Statement><Statement><StartPos FileId="F_27" Row="297" Column="12"/><EndPos FileId="F_27" Row="297" Column="32"/></Statement><FlowControlStatement><StartPos FileId="F_27" Row="299" Column="12"/><EndPos FileId="F_27" Row="299" Column="31"/><ParagraphRef IdRef="P_110"/></FlowControlStatement></Statements></Paragraph></Section></Sections></FlowChart>
