<FlowChart xmlns="http://www.EZL.com//FlowChart" xmlns:xsi="http://www.w3.org/2001/XMLSchema-instance" xsi:schemaLocation="FlowChart.xsd"><Files xmlns=""><File id="F_23" Name="C:\GitRepos\cics-genapp-main\base\src\lgtestc1.cbl"/><File id="F_24" Name="C:\GitRepos\cics-genapp-main\base\src\SSMAP.bms"/><File id="F_4" Name="C:\GitRepos\cics-genapp-main\base\src\LGCMAREA.cpy"/></Files><Sections xmlns=""><Section Name="MAINLINE"><StartPos FileId="F_23" Row="53" Column="8"/><EndPos FileId="F_23" Row="53" Column="16"/><Paragraph id="P_78" Name="MAINLINE_FIRST_SENTENCES" FallThrough="2"><StartPos FileId="F_23" Row="53" Column="8"/><EndPos FileId="F_23" Row="53" Column="16"/><Statements><IfStatement><StartPos FileId="F_23" Row="55" Column="12"/><EndPos FileId="F_23" Row="55" Column="27"/><Then><FlowControlStatement><StartPos FileId="F_23" Row="56" Column="15"/><EndPos FileId="F_23" Row="56" Column="27"/><ParagraphRef IdRef="P_79"/></FlowControlStatement></Then></IfStatement><Statement><StartPos FileId="F_23" Row="58" Column="12"/><EndPos FileId="F_23" Row="58" Column="31"/></Statement><Statement><StartPos FileId="F_23" Row="59" Column="12"/><EndPos FileId="F_23" Row="59" Column="31"/></Statement><Statement><StartPos FileId="F_23" Row="60" Column="12"/><EndPos FileId="F_23" Row="60" Column="32"/></Statement><Statement><StartPos FileId="F_23" Row="61" Column="12"/><EndPos FileId="F_23" Row="61" Column="43"/></Statement><Statement><StartPos FileId="F_23" Row="64" Column="22"/><EndPos FileId="F_23" Row="67" Column="27"/></Statement></Statements></Paragraph><Paragraph id="P_79" Name="A-GAIN" FallThrough="0"><StartPos FileId="F_23" Row="70" Column="8"/><EndPos FileId="F_23" Row="70" Column="14"/><Statements><Statement><StartPos FileId="F_23" Row="72" Column="22"/><EndPos FileId="F_23" Row="74" Column="32"/></Statement><Statement><StartPos FileId="F_23" Row="75" Column="22"/><EndPos FileId="F_23" Row="76" Column="36"/></Statement><Statement><StartPos FileId="F_23" Row="79" Column="22"/><EndPos FileId="F_23" Row="81" Column="37"/></Statement><SwitchState><StartPos FileId="F_23" Row="84" Column="12"/><EndPos FileId="F_23" Row="84" Column="20"/><Cases><Case><StartPos FileId="F_23" Row="86" Column="14"/><EndPos FileId="F_23" Row="86" Column="22"/><Statements><Statement><StartPos FileId="F_23" Row="87" Column="18"/><EndPos FileId="F_23" Row="87" Column="50"/></Statement><Statement><StartPos FileId="F_23" Row="88" Column="18"/><EndPos FileId="F_23" Row="88" Column="52"/></Statement><Statement><StartPos FileId="F_23" Row="89" Column="28"/><EndPos FileId="F_23" Row="91" Column="41"/></Statement><IfStatement><StartPos FileId="F_23" Row="94" Column="18"/><EndPos FileId="F_23" Row="94" Column="39"/><Then><FlowControlStatement><StartPos FileId="F_23" Row="95" Column="20"/><EndPos FileId="F_23" Row="95" Column="33"/><ParagraphRef IdRef="P_85"/></FlowControlStatement></Then></IfStatement><Statement><StartPos FileId="F_23" Row="98" Column="18"/><EndPos FileId="F_23" Row="98" Column="48"/></Statement><Statement><StartPos FileId="F_23" Row="99" Column="18"/><EndPos FileId="F_23" Row="99" Column="48"/></Statement><Statement><StartPos FileId="F_23" Row="100" Column="18"/><EndPos FileId="F_23" Row="100" Column="48"/></Statement><Statement><StartPos FileId="F_23" Row="101" Column="18"/><EndPos FileId="F_23" Row="101" Column="48"/></Statement><Statement><StartPos FileId="F_23" Row="102" Column="18"/><EndPos FileId="F_23" Row="102" Column="48"/></Statement><Statement><StartPos FileId="F_23" Row="103" Column="18"/><EndPos FileId="F_23" Row="103" Column="48"/></Statement><Statement><StartPos FileId="F_23" Row="104" Column="18"/><EndPos FileId="F_23" Row="104" Column="51"/></Statement><Statement><StartPos FileId="F_23" Row="105" Column="18"/><EndPos FileId="F_23" Row="105" Column="51"/></Statement><Statement><StartPos FileId="F_23" Row="106" Column="18"/><EndPos FileId="F_23" Row="106" Column="51"/></Statement><Statement><StartPos FileId="F_23" Row="107" Column="28"/><EndPos FileId="F_23" Row="109" Column="44"/></Statement><FlowControlStatement><StartPos FileId="F_23" Row="111" Column="18"/><EndPos FileId="F_23" Row="111" Column="37"/><ParagraphRef IdRef="P_80"/></FlowControlStatement></Statements></Case><Case><StartPos FileId="F_23" Row="113" Column="14"/><EndPos FileId="F_23" Row="113" Column="22"/><Statements><Statement><StartPos FileId="F_23" Row="114" Column="18"/><EndPos FileId="F_23" Row="114" Column="50"/></Statement><Statement><StartPos FileId="F_23" Row="115" Column="18"/><EndPos FileId="F_23" Row="115" Column="52"/></Statement><Statement><StartPos FileId="F_23" Row="116" Column="18"/><EndPos FileId="F_23" Row="116" Column="50"/></Statement><Statement><StartPos FileId="F_23" Row="117" Column="18"/><EndPos FileId="F_23" Row="117" Column="49"/></Statement><Statement><StartPos FileId="F_23" Row="118" Column="18"/><EndPos FileId="F_23" Row="118" Column="43"/></Statement><Statement><StartPos FileId="F_23" Row="119" Column="18"/><EndPos FileId="F_23" Row="119" Column="50"/></Statement><Statement><StartPos FileId="F_23" Row="120" Column="18"/><EndPos FileId="F_23" Row="120" Column="49"/></Statement><Statement><StartPos FileId="F_23" Row="121" Column="18"/><EndPos FileId="F_23" Row="121" Column="48"/></Statement><Statement><StartPos FileId="F_23" Row="122" Column="18"/><EndPos FileId="F_23" Row="122" Column="50"/></Statement><Statement><StartPos FileId="F_23" Row="123" Column="18"/><EndPos FileId="F_23" Row="123" Column="52"/></Statement><Statement><StartPos FileId="F_23" Row="124" Column="18"/><EndPos FileId="F_23" Row="124" Column="53"/></Statement><Statement><StartPos FileId="F_23" Row="125" Column="18"/><EndPos FileId="F_23" Row="125" Column="65"/></Statement><Statement><StartPos FileId="F_23" Row="126" Column="18"/><EndPos FileId="F_23" Row="127" Column="37"/></Statement><Statement><StartPos FileId="F_23" Row="128" Column="28"/><EndPos FileId="F_23" Row="130" Column="41"/></Statement><IfStatement><StartPos FileId="F_23" Row="132" Column="18"/><EndPos FileId="F_23" Row="133" Column="29"/><Then><Statement><StartPos FileId="F_23" Row="133" Column="30"/><EndPos FileId="F_23" Row="133" Column="48"/></Statement><FlowControlStatement><StartPos FileId="F_23" Row="134" Column="20"/><EndPos FileId="F_23" Row="134" Column="32"/><ParagraphRef IdRef="P_84"/></FlowControlStatement></Then></IfStatement><FlowControlStatement><StartPos FileId="F_23" Row="137" Column="18"/><EndPos FileId="F_23" Row="137" Column="40"/><ParagraphRef IdRef="P_87"/></FlowControlStatement><Statement><StartPos FileId="F_23" Row="138" Column="18"/><EndPos FileId="F_23" Row="138" Column="50"/></Statement><Statement><StartPos FileId="F_23" Row="139" Column="18"/><EndPos FileId="F_23" Row="139" Column="50"/></Statement><Statement><StartPos FileId="F_23" Row="140" Column="18"/><EndPos FileId="F_23" Row="141" Column="31"/></Statement><Statement><StartPos FileId="F_23" Row="142" Column="28"/><EndPos FileId="F_23" Row="144" Column="44"/></Statement><FlowControlStatement><StartPos FileId="F_23" Row="146" Column="18"/><EndPos FileId="F_23" Row="146" Column="37"/><ParagraphRef IdRef="P_80"/></FlowControlStatement></Statements></Case><Case><StartPos FileId="F_23" Row="148" Column="14"/><EndPos FileId="F_23" Row="148" Column="22"/><Statements><Statement><StartPos FileId="F_23" Row="149" Column="18"/><EndPos FileId="F_23" Row="149" Column="50"/></Statement><Statement><StartPos FileId="F_23" Row="150" Column="18"/><EndPos FileId="F_23" Row="150" Column="52"/></Statement><Statement><StartPos FileId="F_23" Row="151" Column="28"/><EndPos FileId="F_23" Row="153" Column="41"/></Statement><IfStatement><StartPos FileId="F_23" Row="155" Column="18"/><EndPos FileId="F_23" Row="155" Column="39"/><Then><FlowControlStatement><StartPos FileId="F_23" Row="156" Column="20"/><EndPos FileId="F_23" Row="156" Column="33"/><ParagraphRef IdRef="P_85"/></FlowControlStatement></Then></IfStatement><Statement><StartPos FileId="F_23" Row="159" Column="18"/><EndPos FileId="F_23" Row="159" Column="48"/></Statement><Statement><StartPos FileId="F_23" Row="160" Column="18"/><EndPos FileId="F_23" Row="160" Column="48"/></Statement><Statement><StartPos FileId="F_23" Row="161" Column="18"/><EndPos FileId="F_23" Row="161" Column="48"/></Statement><Statement><StartPos FileId="F_23" Row="162" Column="18"/><EndPos FileId="F_23" Row="162" Column="48"/></Statement><Statement><StartPos FileId="F_23" Row="163" Column="18"/><EndPos FileId="F_23" Row="163" Column="48"/></Statement><Statement><StartPos FileId="F_23" Row="164" Column="18"/><EndPos FileId="F_23" Row="164" Column="48"/></Statement><Statement><StartPos FileId="F_23" Row="165" Column="18"/><EndPos FileId="F_23" Row="165" Column="51"/></Statement><Statement><StartPos FileId="F_23" Row="166" Column="18"/><EndPos FileId="F_23" Row="166" Column="51"/></Statement><Statement><StartPos FileId="F_23" Row="167" Column="18"/><EndPos FileId="F_23" Row="167" Column="51"/></Statement><Statement><StartPos FileId="F_23" Row="168" Column="28"/><EndPos FileId="F_23" Row="170" Column="44"/></Statement><Statement><StartPos FileId="F_23" Row="172" Column="28"/><EndPos FileId="F_23" Row="174" Column="43"/></Statement><Statement><StartPos FileId="F_23" Row="176" Column="18"/><EndPos FileId="F_23" Row="176" Column="50"/></Statement><Statement><StartPos FileId="F_23" Row="177" Column="18"/><EndPos FileId="F_23" Row="177" Column="52"/></Statement><Statement><StartPos FileId="F_23" Row="178" Column="18"/><EndPos FileId="F_23" Row="178" Column="50"/></Statement><Statement><StartPos FileId="F_23" Row="179" Column="18"/><EndPos FileId="F_23" Row="179" Column="49"/></Statement><Statement><StartPos FileId="F_23" Row="180" Column="18"/><EndPos FileId="F_23" Row="180" Column="43"/></Statement><Statement><StartPos FileId="F_23" Row="181" Column="18"/><EndPos FileId="F_23" Row="181" Column="50"/></Statement><Statement><StartPos FileId="F_23" Row="182" Column="18"/><EndPos FileId="F_23" Row="182" Column="49"/></Statement><Statement><StartPos FileId="F_23" Row="183" Column="18"/><EndPos FileId="F_23" Row="183" Column="48"/></Statement><Statement><StartPos FileId="F_23" Row="184" Column="18"/><EndPos FileId="F_23" Row="184" Column="50"/></Statement><Statement><StartPos FileId="F_23" Row="185" Column="18"/><EndPos FileId="F_23" Row="185" Column="52"/></Statement><Statement><StartPos FileId="F_23" Row="186" Column="18"/><EndPos FileId="F_23" Row="186" Column="53"/></Statement><Statement><StartPos FileId="F_23" Row="187" Column="18"/><EndPos FileId="F_23" Row="187" Column="65"/></Statement><Statement><StartPos FileId="F_23" Row="188" Column="18"/><EndPos FileId="F_23" Row="189" Column="37"/></Statement><Statement><StartPos FileId="F_23" Row="190" Column="28"/><EndPos FileId="F_23" Row="192" Column="41"/></Statement><IfStatement><StartPos FileId="F_23" Row="195" Column="18"/><EndPos FileId="F_23" Row="195" Column="39"/><Then><FlowControlStatement><StartPos FileId="F_23" Row="196" Column="20"/><EndPos FileId="F_23" Row="196" Column="32"/><ParagraphRef IdRef="P_83"/></FlowControlStatement></Then></IfStatement><Statement><StartPos FileId="F_23" Row="199" Column="18"/><EndPos FileId="F_23" Row="199" Column="50"/></Statement><Statement><StartPos FileId="F_23" Row="200" Column="18"/><EndPos FileId="F_23" Row="200" Column="50"/></Statement><Statement><StartPos FileId="F_23" Row="201" Column="18"/><EndPos FileId="F_23" Row="202" Column="31"/></Statement><Statement><StartPos FileId="F_23" Row="203" Column="28"/><EndPos FileId="F_23" Row="205" Column="44"/></Statement><FlowControlStatement><StartPos FileId="F_23" Row="207" Column="18"/><EndPos FileId="F_23" Row="207" Column="37"/><ParagraphRef IdRef="P_80"/></FlowControlStatement></Statements></Case><Case IsOther="true"><StartPos FileId="F_23" Row="209" Column="19"/><EndPos FileId="F_23" Row="209" Column="32"/><Statements><Statement><StartPos FileId="F_23" Row="211" Column="18"/><EndPos FileId="F_23" Row="212" Column="31"/></Statement><Statement><StartPos FileId="F_23" Row="213" Column="18"/><EndPos FileId="F_23" Row="213" Column="37"/></Statement><Statement><StartPos FileId="F_23" Row="215" Column="28"/><EndPos FileId="F_23" Row="218" Column="34"/></Statement><FlowControlStatement><StartPos FileId="F_23" Row="220" Column="18"/><EndPos FileId="F_23" Row="220" Column="37"/><ParagraphRef IdRef="P_80"/></FlowControlStatement></Statements></Case></Cases></SwitchState><Statement><StartPos FileId="F_23" Row="227" Column="22"/><EndPos FileId="F_23" Row="227" Column="28"/></Statement></Statements></Paragraph><Paragraph id="P_80" Name="ENDIT-STARTIT" FallThrough="0"><StartPos FileId="F_23" Row="230" Column="8"/><EndPos FileId="F_23" Row="230" Column="21"/><Statements><Statement><StartPos FileId="F_23" Row="231" Column="22"/><EndPos FileId="F_23" Row="233" Column="36"/></Statement></Statements></Paragraph><Paragraph id="P_81" Name="ENDIT" FallThrough="0"><StartPos FileId="F_23" Row="236" Column="8"/><EndPos FileId="F_23" Row="236" Column="13"/><Statements><Statement><StartPos FileId="F_23" Row="237" Column="22"/><EndPos FileId="F_23" Row="241" Column="28"/></Statement><Statement><StartPos FileId="F_23" Row="243" Column="22"/><EndPos FileId="F_23" Row="243" Column="28"/></Statement></Statements></Paragraph><Paragraph id="P_82" Name="CLEARIT" FallThrough="0"><StartPos FileId="F_23" Row="246" Column="8"/><EndPos FileId="F_23" Row="246" Column="15"/><Statements><Statement><StartPos FileId="F_23" Row="248" Column="12"/><EndPos FileId="F_23" Row="248" Column="31"/></Statement><Statement><StartPos FileId="F_23" Row="249" Column="22"/><EndPos FileId="F_23" Row="251" Column="29"/></Statement><Statement><StartPos FileId="F_23" Row="254" Column="22"/><EndPos FileId="F_23" Row="256" Column="36"/></Statement></Statements></Paragraph><Paragraph id="P_83" Name="NO-UPD" FallThrough="0"><StartPos FileId="F_23" Row="259" Column="8"/><EndPos FileId="F_23" Row="259" Column="14"/><Statements><Statement><StartPos FileId="F_23" Row="260" Column="12"/><EndPos FileId="F_23" Row="260" Column="63"/></Statement><FlowControlStatement><StartPos FileId="F_23" Row="261" Column="12"/><EndPos FileId="F_23" Row="261" Column="27"/><ParagraphRef IdRef="P_86"/></FlowControlStatement></Statements></Paragraph><Paragraph id="P_84" Name="NO-ADD" FallThrough="0"><StartPos FileId="F_23" Row="263" Column="8"/><EndPos FileId="F_23" Row="263" Column="14"/><Statements><Statement><StartPos FileId="F_23" Row="264" Column="12"/><EndPos FileId="F_23" Row="264" Column="63"/></Statement><FlowControlStatement><StartPos FileId="F_23" Row="265" Column="12"/><EndPos FileId="F_23" Row="265" Column="27"/><ParagraphRef IdRef="P_86"/></FlowControlStatement></Statements></Paragraph><Paragraph id="P_85" Name="NO-DATA" FallThrough="0"><StartPos FileId="F_23" Row="267" Column="8"/><EndPos FileId="F_23" Row="267" Column="15"/><Statements><Statement><StartPos FileId="F_23" Row="268" Column="12"/><EndPos FileId="F_23" Row="268" Column="63"/></Statement><FlowControlStatement><StartPos FileId="F_23" Row="269" Column="12"/><EndPos FileId="F_23" Row="269" Column="27"/><ParagraphRef IdRef="P_86"/></FlowControlStatement></Statements></Paragraph><Paragraph id="P_86" Name="ERROR-OUT" FallThrough="0"><StartPos FileId="F_23" Row="271" Column="8"/><EndPos FileId="F_23" Row="271" Column="17"/><Statements><Statement><StartPos FileId="F_23" Row="272" Column="22"/><EndPos FileId="F_23" Row="274" Column="38"/></Statement><Statement><StartPos FileId="F_23" Row="277" Column="12"/><EndPos FileId="F_23" Row="277" Column="31"/></Statement><Statement><StartPos FileId="F_23" Row="278" Column="12"/><EndPos FileId="F_23" Row="278" Column="31"/></Statement><Statement><StartPos FileId="F_23" Row="279" Column="12"/><EndPos FileId="F_23" Row="279" Column="32"/></Statement><FlowControlStatement><StartPos FileId="F_23" Row="281" Column="12"/><EndPos FileId="F_23" Row="281" Column="31"/><ParagraphRef IdRef="P_80"/></FlowControlStatement></Statements></Paragraph><Paragraph id="P_87" Name="WRITE-GENACNTL" FallThrough="0"><StartPos FileId="F_23" Row="283" Column="8"/><EndPos FileId="F_23" Row="283" Column="22"/><Statements><Statement><StartPos FileId="F_23" Row="285" Column="22"/><EndPos FileId="F_23" Row="286" Column="53"/></Statement><Statement><StartPos FileId="F_23" Row="288" Column="12"/><EndPos FileId="F_23" Row="288" Column="36"/></Statement><Statement><StartPos FileId="F_23" Row="289" Column="12"/><EndPos FileId="F_23" Row="289" Column="37"/></Statement><Statement><StartPos FileId="F_23" Row="290" Column="22"/><EndPos FileId="F_23" Row="293" Column="29"/></Statement><IfStatement><StartPos FileId="F_23" Row="295" Column="12"/><EndPos FileId="F_23" Row="295" Column="40"/><Then><DoWhileState><StartPos FileId="F_23" Row="296" Column="23"/><EndPos FileId="F_23" Row="297" Column="27"/><Statements><Statement><StartPos FileId="F_23" Row="297" Column="28"/><EndPos FileId="F_23" Row="300" Column="26"/></Statement><Statement><StartPos FileId="F_23" Row="302" Column="18"/><EndPos FileId="F_23" Row="302" Column="40"/></Statement><IfStatement><StartPos FileId="F_23" Row="303" Column="18"/><EndPos FileId="F_23" Row="304" Column="59"/><Then><Statement><StartPos FileId="F_23" Row="305" Column="23"/><EndPos FileId="F_23" Row="305" Column="61"/></Statement><Statement><StartPos FileId="F_23" Row="306" Column="23"/><EndPos FileId="F_23" Row="306" Column="49"/></Statement><Statement><StartPos FileId="F_23" Row="307" Column="33"/><EndPos FileId="F_23" Row="312" Column="46"/></Statement><Statement><StartPos FileId="F_23" Row="314" Column="23"/><EndPos FileId="F_23" Row="314" Column="41"/></Statement></Then></IfStatement></Statements></DoWhileState></Then></IfStatement><IfStatement><StartPos FileId="F_23" Row="320" Column="12"/><EndPos FileId="F_23" Row="321" Column="23"/><Then><Statement><StartPos FileId="F_23" Row="321" Column="24"/><EndPos FileId="F_23" Row="325" Column="34"/></Statement><Statement><StartPos FileId="F_23" Row="327" Column="14"/><EndPos FileId="F_23" Row="327" Column="51"/></Statement><Statement><StartPos FileId="F_23" Row="328" Column="14"/><EndPos FileId="F_23" Row="328" Column="52"/></Statement><Statement><StartPos FileId="F_23" Row="329" Column="24"/><EndPos FileId="F_23" Row="333" Column="34"/></Statement><Statement><StartPos FileId="F_23" Row="335" Column="24"/><EndPos FileId="F_23" Row="339" Column="34"/></Statement></Then></IfStatement><Statement><StartPos FileId="F_23" Row="343" Column="22"/><EndPos FileId="F_23" Row="344" Column="53"/></Statement><ExitStatement><StartPos FileId="F_23" Row="347" Column="12"/><EndPos FileId="F_23" Row="347" Column="16"/></ExitStatement></Statements></Paragraph></Section></Sections></FlowChart>
