<FlowChart xmlns="http://www.EZL.com//FlowChart" xmlns:xsi="http://www.w3.org/2001/XMLSchema-instance" xsi:schemaLocation="FlowChart.xsd"><Files xmlns=""><File id="F_26" Name="C:\GitRepos\cics-genapp-main\base\src\lgtestp2.cbl"/><File id="F_24" Name="C:\GitRepos\cics-genapp-main\base\src\SSMAP.bms"/><File id="F_4" Name="C:\GitRepos\cics-genapp-main\base\src\LGCMAREA.cpy"/></Files><Sections xmlns=""><Section Name="MAINLINE"><StartPos FileId="F_26" Row="30" Column="8"/><EndPos FileId="F_26" Row="30" Column="16"/><Paragraph id="P_98" Name="MAINLINE_FIRST_SENTENCES" FallThrough="2"><StartPos FileId="F_26" Row="30" Column="8"/><EndPos FileId="F_26" Row="30" Column="16"/><Statements><IfStatement><StartPos FileId="F_26" Row="32" Column="12"/><EndPos FileId="F_26" Row="32" Column="27"/><Then><FlowControlStatement><StartPos FileId="F_26" Row="33" Column="15"/><EndPos FileId="F_26" Row="33" Column="27"/><ParagraphRef IdRef="P_99"/></FlowControlStatement></Then></IfStatement><Statement><StartPos FileId="F_26" Row="35" Column="12"/><EndPos FileId="F_26" Row="35" Column="31"/></Statement><Statement><StartPos FileId="F_26" Row="36" Column="12"/><EndPos FileId="F_26" Row="36" Column="31"/></Statement><Statement><StartPos FileId="F_26" Row="37" Column="12"/><EndPos FileId="F_26" Row="37" Column="32"/></Statement><Statement><StartPos FileId="F_26" Row="38" Column="12"/><EndPos FileId="F_26" Row="38" Column="43"/></Statement><Statement><StartPos FileId="F_26" Row="39" Column="12"/><EndPos FileId="F_26" Row="39" Column="43"/></Statement><Statement><StartPos FileId="F_26" Row="42" Column="22"/><EndPos FileId="F_26" Row="44" Column="27"/></Statement></Statements></Paragraph><Paragraph id="P_99" Name="A-GAIN" FallThrough="0"><StartPos FileId="F_26" Row="47" Column="8"/><EndPos FileId="F_26" Row="47" Column="14"/><Statements><Statement><StartPos FileId="F_26" Row="49" Column="22"/><EndPos FileId="F_26" Row="51" Column="32"/></Statement><Statement><StartPos FileId="F_26" Row="52" Column="22"/><EndPos FileId="F_26" Row="53" Column="36"/></Statement><Statement><StartPos FileId="F_26" Row="56" Column="22"/><EndPos FileId="F_26" Row="58" Column="37"/></Statement><SwitchState><StartPos FileId="F_26" Row="61" Column="12"/><EndPos FileId="F_26" Row="61" Column="20"/><Cases><Case><StartPos FileId="F_26" Row="63" Column="14"/><EndPos FileId="F_26" Row="63" Column="22"/><Statements><Statement><StartPos FileId="F_26" Row="64" Column="18"/><EndPos FileId="F_26" Row="64" Column="50"/></Statement><Statement><StartPos FileId="F_26" Row="65" Column="18"/><EndPos FileId="F_26" Row="65" Column="52"/></Statement><Statement><StartPos FileId="F_26" Row="66" Column="18"/><EndPos FileId="F_26" Row="66" Column="50"/></Statement><Statement><StartPos FileId="F_26" Row="67" Column="28"/><EndPos FileId="F_26" Row="69" Column="41"/></Statement><IfStatement><StartPos FileId="F_26" Row="71" Column="18"/><EndPos FileId="F_26" Row="71" Column="39"/><Then><FlowControlStatement><StartPos FileId="F_26" Row="72" Column="20"/><EndPos FileId="F_26" Row="72" Column="33"/><ParagraphRef IdRef="P_106"/></FlowControlStatement></Then></IfStatement><Statement><StartPos FileId="F_26" Row="75" Column="18"/><EndPos FileId="F_26" Row="75" Column="53"/></Statement><Statement><StartPos FileId="F_26" Row="76" Column="18"/><EndPos FileId="F_26" Row="76" Column="53"/></Statement><Statement><StartPos FileId="F_26" Row="77" Column="18"/><EndPos FileId="F_26" Row="77" Column="53"/></Statement><Statement><StartPos FileId="F_26" Row="78" Column="18"/><EndPos FileId="F_26" Row="78" Column="53"/></Statement><Statement><StartPos FileId="F_26" Row="79" Column="18"/><EndPos FileId="F_26" Row="79" Column="53"/></Statement><Statement><StartPos FileId="F_26" Row="80" Column="18"/><EndPos FileId="F_26" Row="80" Column="53"/></Statement><Statement><StartPos FileId="F_26" Row="81" Column="18"/><EndPos FileId="F_26" Row="81" Column="53"/></Statement><Statement><StartPos FileId="F_26" Row="82" Column="18"/><EndPos FileId="F_26" Row="82" Column="53"/></Statement><Statement><StartPos FileId="F_26" Row="83" Column="18"/><EndPos FileId="F_26" Row="83" Column="53"/></Statement><Statement><StartPos FileId="F_26" Row="84" Column="28"/><EndPos FileId="F_26" Row="86" Column="44"/></Statement><FlowControlStatement><StartPos FileId="F_26" Row="88" Column="18"/><EndPos FileId="F_26" Row="88" Column="37"/><ParagraphRef IdRef="P_100"/></FlowControlStatement></Statements></Case><Case><StartPos FileId="F_26" Row="90" Column="14"/><EndPos FileId="F_26" Row="90" Column="22"/><Statements><Statement><StartPos FileId="F_26" Row="91" Column="18"/><EndPos FileId="F_26" Row="91" Column="57"/></Statement><Statement><StartPos FileId="F_26" Row="92" Column="18"/><EndPos FileId="F_26" Row="92" Column="59"/></Statement><Statement><StartPos FileId="F_26" Row="93" Column="18"/><EndPos FileId="F_26" Row="93" Column="54"/></Statement><Statement><StartPos FileId="F_26" Row="94" Column="18"/><EndPos FileId="F_26" Row="94" Column="55"/></Statement><Statement><StartPos FileId="F_26" Row="95" Column="18"/><EndPos FileId="F_26" Row="95" Column="57"/></Statement><Statement><StartPos FileId="F_26" Row="96" Column="18"/><EndPos FileId="F_26" Row="96" Column="57"/></Statement><Statement><StartPos FileId="F_26" Row="97" Column="18"/><EndPos FileId="F_26" Row="97" Column="58"/></Statement><Statement><StartPos FileId="F_26" Row="98" Column="18"/><EndPos FileId="F_26" Row="98" Column="58"/></Statement><Statement><StartPos FileId="F_26" Row="99" Column="18"/><EndPos FileId="F_26" Row="99" Column="53"/></Statement><Statement><StartPos FileId="F_26" Row="100" Column="18"/><EndPos FileId="F_26" Row="100" Column="60"/></Statement><Statement><StartPos FileId="F_26" Row="101" Column="18"/><EndPos FileId="F_26" Row="101" Column="61"/></Statement><Statement><StartPos FileId="F_26" Row="102" Column="18"/><EndPos FileId="F_26" Row="102" Column="61"/></Statement><Statement><StartPos FileId="F_26" Row="103" Column="18"/><EndPos FileId="F_26" Row="103" Column="61"/></Statement><Statement><StartPos FileId="F_26" Row="104" Column="18"/><EndPos FileId="F_26" Row="104" Column="57"/></Statement><Statement><StartPos FileId="F_26" Row="105" Column="28"/><EndPos FileId="F_26" Row="107" Column="41"/></Statement><IfStatement><StartPos FileId="F_26" Row="109" Column="18"/><EndPos FileId="F_26" Row="110" Column="29"/><Then><Statement><StartPos FileId="F_26" Row="110" Column="30"/><EndPos FileId="F_26" Row="110" Column="48"/></Statement><FlowControlStatement><StartPos FileId="F_26" Row="111" Column="20"/><EndPos FileId="F_26" Row="111" Column="32"/><ParagraphRef IdRef="P_103"/></FlowControlStatement></Then></IfStatement><Statement><StartPos FileId="F_26" Row="113" Column="18"/><EndPos FileId="F_26" Row="113" Column="50"/></Statement><Statement><StartPos FileId="F_26" Row="114" Column="18"/><EndPos FileId="F_26" Row="114" Column="50"/></Statement><Statement><StartPos FileId="F_26" Row="115" Column="18"/><EndPos FileId="F_26" Row="115" Column="50"/></Statement><Statement><StartPos FileId="F_26" Row="116" Column="18"/><EndPos FileId="F_26" Row="116" Column="50"/></Statement><Statement><StartPos FileId="F_26" Row="117" Column="18"/><EndPos FileId="F_26" Row="118" Column="32"/></Statement><Statement><StartPos FileId="F_26" Row="119" Column="28"/><EndPos FileId="F_26" Row="121" Column="44"/></Statement><FlowControlStatement><StartPos FileId="F_26" Row="123" Column="18"/><EndPos FileId="F_26" Row="123" Column="37"/><ParagraphRef IdRef="P_100"/></FlowControlStatement></Statements></Case><Case><StartPos FileId="F_26" Row="125" Column="14"/><EndPos FileId="F_26" Row="125" Column="22"/><Statements><Statement><StartPos FileId="F_26" Row="126" Column="18"/><EndPos FileId="F_26" Row="126" Column="50"/></Statement><Statement><StartPos FileId="F_26" Row="127" Column="18"/><EndPos FileId="F_26" Row="127" Column="52"/></Statement><Statement><StartPos FileId="F_26" Row="128" Column="18"/><EndPos FileId="F_26" Row="128" Column="50"/></Statement><Statement><StartPos FileId="F_26" Row="129" Column="28"/><EndPos FileId="F_26" Row="131" Column="41"/></Statement><IfStatement><StartPos FileId="F_26" Row="133" Column="18"/><EndPos FileId="F_26" Row="134" Column="29"/><Then><Statement><StartPos FileId="F_26" Row="134" Column="30"/><EndPos FileId="F_26" Row="134" Column="48"/></Statement><FlowControlStatement><StartPos FileId="F_26" Row="135" Column="20"/><EndPos FileId="F_26" Row="135" Column="35"/><ParagraphRef IdRef="P_105"/></FlowControlStatement></Then></IfStatement><Statement><StartPos FileId="F_26" Row="138" Column="18"/><EndPos FileId="F_26" Row="138" Column="53"/></Statement><Statement><StartPos FileId="F_26" Row="139" Column="18"/><EndPos FileId="F_26" Row="139" Column="53"/></Statement><Statement><StartPos FileId="F_26" Row="140" Column="18"/><EndPos FileId="F_26" Row="140" Column="53"/></Statement><Statement><StartPos FileId="F_26" Row="141" Column="18"/><EndPos FileId="F_26" Row="141" Column="53"/></Statement><Statement><StartPos FileId="F_26" Row="142" Column="18"/><EndPos FileId="F_26" Row="142" Column="53"/></Statement><Statement><StartPos FileId="F_26" Row="143" Column="18"/><EndPos FileId="F_26" Row="143" Column="53"/></Statement><Statement><StartPos FileId="F_26" Row="144" Column="18"/><EndPos FileId="F_26" Row="144" Column="53"/></Statement><Statement><StartPos FileId="F_26" Row="145" Column="18"/><EndPos FileId="F_26" Row="145" Column="53"/></Statement><Statement><StartPos FileId="F_26" Row="146" Column="18"/><EndPos FileId="F_26" Row="146" Column="53"/></Statement><Statement><StartPos FileId="F_26" Row="147" Column="18"/><EndPos FileId="F_26" Row="148" Column="32"/></Statement><Statement><StartPos FileId="F_26" Row="149" Column="28"/><EndPos FileId="F_26" Row="151" Column="44"/></Statement><FlowControlStatement><StartPos FileId="F_26" Row="153" Column="18"/><EndPos FileId="F_26" Row="153" Column="37"/><ParagraphRef IdRef="P_100"/></FlowControlStatement></Statements></Case><Case><StartPos FileId="F_26" Row="155" Column="14"/><EndPos FileId="F_26" Row="155" Column="22"/><Statements><Statement><StartPos FileId="F_26" Row="156" Column="18"/><EndPos FileId="F_26" Row="156" Column="50"/></Statement><Statement><StartPos FileId="F_26" Row="157" Column="18"/><EndPos FileId="F_26" Row="157" Column="52"/></Statement><Statement><StartPos FileId="F_26" Row="158" Column="18"/><EndPos FileId="F_26" Row="158" Column="50"/></Statement><Statement><StartPos FileId="F_26" Row="159" Column="28"/><EndPos FileId="F_26" Row="161" Column="41"/></Statement><IfStatement><StartPos FileId="F_26" Row="163" Column="18"/><EndPos FileId="F_26" Row="163" Column="39"/><Then><FlowControlStatement><StartPos FileId="F_26" Row="164" Column="20"/><EndPos FileId="F_26" Row="164" Column="33"/><ParagraphRef IdRef="P_106"/></FlowControlStatement></Then></IfStatement><Statement><StartPos FileId="F_26" Row="167" Column="18"/><EndPos FileId="F_26" Row="167" Column="53"/></Statement><Statement><StartPos FileId="F_26" Row="168" Column="18"/><EndPos FileId="F_26" Row="168" Column="53"/></Statement><Statement><StartPos FileId="F_26" Row="169" Column="18"/><EndPos FileId="F_26" Row="169" Column="53"/></Statement><Statement><StartPos FileId="F_26" Row="170" Column="18"/><EndPos FileId="F_26" Row="170" Column="53"/></Statement><Statement><StartPos FileId="F_26" Row="171" Column="18"/><EndPos FileId="F_26" Row="171" Column="53"/></Statement><Statement><StartPos FileId="F_26" Row="172" Column="18"/><EndPos FileId="F_26" Row="172" Column="53"/></Statement><Statement><StartPos FileId="F_26" Row="173" Column="18"/><EndPos FileId="F_26" Row="173" Column="53"/></Statement><Statement><StartPos FileId="F_26" Row="174" Column="18"/><EndPos FileId="F_26" Row="174" Column="53"/></Statement><Statement><StartPos FileId="F_26" Row="175" Column="18"/><EndPos FileId="F_26" Row="175" Column="53"/></Statement><Statement><StartPos FileId="F_26" Row="176" Column="28"/><EndPos FileId="F_26" Row="178" Column="44"/></Statement><Statement><StartPos FileId="F_26" Row="180" Column="28"/><EndPos FileId="F_26" Row="182" Column="43"/></Statement><Statement><StartPos FileId="F_26" Row="184" Column="18"/><EndPos FileId="F_26" Row="184" Column="57"/></Statement><Statement><StartPos FileId="F_26" Row="185" Column="18"/><EndPos FileId="F_26" Row="185" Column="59"/></Statement><Statement><StartPos FileId="F_26" Row="186" Column="18"/><EndPos FileId="F_26" Row="186" Column="54"/></Statement><Statement><StartPos FileId="F_26" Row="187" Column="18"/><EndPos FileId="F_26" Row="187" Column="55"/></Statement><Statement><StartPos FileId="F_26" Row="188" Column="18"/><EndPos FileId="F_26" Row="188" Column="57"/></Statement><Statement><StartPos FileId="F_26" Row="189" Column="18"/><EndPos FileId="F_26" Row="189" Column="57"/></Statement><Statement><StartPos FileId="F_26" Row="190" Column="18"/><EndPos FileId="F_26" Row="190" Column="58"/></Statement><Statement><StartPos FileId="F_26" Row="191" Column="18"/><EndPos FileId="F_26" Row="191" Column="58"/></Statement><Statement><StartPos FileId="F_26" Row="192" Column="18"/><EndPos FileId="F_26" Row="192" Column="53"/></Statement><Statement><StartPos FileId="F_26" Row="193" Column="18"/><EndPos FileId="F_26" Row="193" Column="60"/></Statement><Statement><StartPos FileId="F_26" Row="194" Column="18"/><EndPos FileId="F_26" Row="194" Column="61"/></Statement><Statement><StartPos FileId="F_26" Row="195" Column="18"/><EndPos FileId="F_26" Row="195" Column="61"/></Statement><Statement><StartPos FileId="F_26" Row="196" Column="18"/><EndPos FileId="F_26" Row="196" Column="61"/></Statement><Statement><StartPos FileId="F_26" Row="197" Column="18"/><EndPos FileId="F_26" Row="197" Column="57"/></Statement><Statement><StartPos FileId="F_26" Row="198" Column="28"/><EndPos FileId="F_26" Row="200" Column="41"/></Statement><IfStatement><StartPos FileId="F_26" Row="202" Column="18"/><EndPos FileId="F_26" Row="202" Column="39"/><Then><FlowControlStatement><StartPos FileId="F_26" Row="203" Column="20"/><EndPos FileId="F_26" Row="203" Column="32"/><ParagraphRef IdRef="P_104"/></FlowControlStatement></Then></IfStatement><Statement><StartPos FileId="F_26" Row="206" Column="18"/><EndPos FileId="F_26" Row="206" Column="50"/></Statement><Statement><StartPos FileId="F_26" Row="207" Column="18"/><EndPos FileId="F_26" Row="207" Column="50"/></Statement><Statement><StartPos FileId="F_26" Row="208" Column="18"/><EndPos FileId="F_26" Row="208" Column="50"/></Statement><Statement><StartPos FileId="F_26" Row="209" Column="18"/><EndPos FileId="F_26" Row="210" Column="32"/></Statement><Statement><StartPos FileId="F_26" Row="211" Column="28"/><EndPos FileId="F_26" Row="213" Column="44"/></Statement><FlowControlStatement><StartPos FileId="F_26" Row="216" Column="18"/><EndPos FileId="F_26" Row="216" Column="37"/><ParagraphRef IdRef="P_100"/></FlowControlStatement></Statements></Case><Case IsOther="true"><StartPos FileId="F_26" Row="218" Column="19"/><EndPos FileId="F_26" Row="218" Column="32"/><Statements><Statement><StartPos FileId="F_26" Row="220" Column="18"/><EndPos FileId="F_26" Row="221" Column="32"/></Statement><Statement><StartPos FileId="F_26" Row="222" Column="18"/><EndPos FileId="F_26" Row="222" Column="37"/></Statement><Statement><StartPos FileId="F_26" Row="224" Column="28"/><EndPos FileId="F_26" Row="227" Column="34"/></Statement><FlowControlStatement><StartPos FileId="F_26" Row="229" Column="18"/><EndPos FileId="F_26" Row="229" Column="37"/><ParagraphRef IdRef="P_100"/></FlowControlStatement></Statements></Case></Cases></SwitchState><Statement><StartPos FileId="F_26" Row="236" Column="22"/><EndPos FileId="F_26" Row="236" Column="28"/></Statement></Statements></Paragraph><Paragraph id="P_100" Name="ENDIT-STARTIT" FallThrough="0"><StartPos FileId="F_26" Row="239" Column="8"/><EndPos FileId="F_26" Row="239" Column="21"/><Statements><Statement><StartPos FileId="F_26" Row="240" Column="22"/><EndPos FileId="F_26" Row="242" Column="36"/></Statement></Statements></Paragraph><Paragraph id="P_101" Name="ENDIT" FallThrough="0"><StartPos FileId="F_26" Row="245" Column="8"/><EndPos FileId="F_26" Row="245" Column="13"/><Statements><Statement><StartPos FileId="F_26" Row="246" Column="22"/><EndPos FileId="F_26" Row="250" Column="28"/></Statement><Statement><StartPos FileId="F_26" Row="252" Column="22"/><EndPos FileId="F_26" Row="252" Column="28"/></Statement></Statements></Paragraph><Paragraph id="P_102" Name="CLEARIT" FallThrough="0"><StartPos FileId="F_26" Row="255" Column="8"/><EndPos FileId="F_26" Row="255" Column="15"/><Statements><Statement><StartPos FileId="F_26" Row="257" Column="12"/><EndPos FileId="F_26" Row="257" Column="31"/></Statement><Statement><StartPos FileId="F_26" Row="258" Column="22"/><EndPos FileId="F_26" Row="260" Column="29"/></Statement><Statement><StartPos FileId="F_26" Row="263" Column="22"/><EndPos FileId="F_26" Row="265" Column="36"/></Statement></Statements></Paragraph><Paragraph id="P_103" Name="NO-ADD" FallThrough="2"><StartPos FileId="F_26" Row="268" Column="8"/><EndPos FileId="F_26" Row="268" Column="14"/><Statements><SwitchState><StartPos FileId="F_26" Row="269" Column="12"/><EndPos FileId="F_26" Row="269" Column="20"/><Cases><Case><StartPos FileId="F_26" Row="270" Column="14"/><EndPos FileId="F_26" Row="270" Column="21"/><Statements><Statement><StartPos FileId="F_26" Row="271" Column="16"/><EndPos FileId="F_26" Row="271" Column="68"/></Statement><FlowControlStatement><StartPos FileId="F_26" Row="272" Column="16"/><EndPos FileId="F_26" Row="272" Column="31"/><ParagraphRef IdRef="P_107"/></FlowControlStatement></Statements></Case><Case IsOther="true"><StartPos FileId="F_26" Row="273" Column="19"/><EndPos FileId="F_26" Row="273" Column="32"/><Statements><Statement><StartPos FileId="F_26" Row="274" Column="16"/><EndPos FileId="F_26" Row="274" Column="67"/></Statement><FlowControlStatement><StartPos FileId="F_26" Row="275" Column="16"/><EndPos FileId="F_26" Row="275" Column="31"/><ParagraphRef IdRef="P_107"/></FlowControlStatement></Statements></Case></Cases></SwitchState></Statements></Paragraph><Paragraph id="P_104" Name="NO-UPD" FallThrough="0"><StartPos FileId="F_26" Row="278" Column="8"/><EndPos FileId="F_26" Row="278" Column="14"/><Statements><Statement><StartPos FileId="F_26" Row="279" Column="12"/><EndPos FileId="F_26" Row="279" Column="64"/></Statement><FlowControlStatement><StartPos FileId="F_26" Row="280" Column="12"/><EndPos FileId="F_26" Row="280" Column="27"/><ParagraphRef IdRef="P_107"/></FlowControlStatement></Statements></Paragraph><Paragraph id="P_105" Name="NO-DELETE" FallThrough="0"><StartPos FileId="F_26" Row="282" Column="8"/><EndPos FileId="F_26" Row="282" Column="17"/><Statements><Statement><StartPos FileId="F_26" Row="283" Column="12"/><EndPos FileId="F_26" Row="283" Column="64"/></Statement><FlowControlStatement><StartPos FileId="F_26" Row="284" Column="12"/><EndPos FileId="F_26" Row="284" Column="27"/><ParagraphRef IdRef="P_107"/></FlowControlStatement></Statements></Paragraph><Paragraph id="P_106" Name="NO-DATA" FallThrough="0"><StartPos FileId="F_26" Row="286" Column="8"/><EndPos FileId="F_26" Row="286" Column="15"/><Statements><Statement><StartPos FileId="F_26" Row="287" Column="12"/><EndPos FileId="F_26" Row="287" Column="64"/></Statement><FlowControlStatement><StartPos FileId="F_26" Row="288" Column="12"/><EndPos FileId="F_26" Row="288" Column="27"/><ParagraphRef IdRef="P_107"/></FlowControlStatement></Statements></Paragraph><Paragraph id="P_107" Name="ERROR-OUT" FallThrough="0"><StartPos FileId="F_26" Row="290" Column="8"/><EndPos FileId="F_26" Row="290" Column="17"/><Statements><Statement><StartPos FileId="F_26" Row="291" Column="22"/><EndPos FileId="F_26" Row="293" Column="38"/></Statement><Statement><StartPos FileId="F_26" Row="296" Column="12"/><EndPos FileId="F_26" Row="296" Column="31"/></Statement><Statement><StartPos FileId="F_26" Row="297" Column="12"/><EndPos FileId="F_26" Row="297" Column="31"/></Statement><Statement><StartPos FileId="F_26" Row="298" Column="12"/><EndPos FileId="F_26" Row="298" Column="32"/></Statement><FlowControlStatement><StartPos FileId="F_26" Row="300" Column="12"/><EndPos FileId="F_26" Row="300" Column="31"/><ParagraphRef IdRef="P_100"/></FlowControlStatement></Statements></Paragraph></Section></Sections></FlowChart>
