<FlowChart xmlns="http://www.EZL.com//FlowChart" xmlns:xsi="http://www.w3.org/2001/XMLSchema-instance" xsi:schemaLocation="FlowChart.xsd"><Files xmlns=""><File id="F_25" Name="C:\GitRepos\cics-genapp-main\base\src\lgtestp1.cbl"/><File id="F_24" Name="C:\GitRepos\cics-genapp-main\base\src\SSMAP.bms"/><File id="F_4" Name="C:\GitRepos\cics-genapp-main\base\src\LGCMAREA.cpy"/></Files><Sections xmlns=""><Section Name="MAINLINE"><StartPos FileId="F_25" Row="30" Column="8"/><EndPos FileId="F_25" Row="30" Column="16"/><Paragraph id="P_88" Name="MAINLINE_FIRST_SENTENCES" FallThrough="2"><StartPos FileId="F_25" Row="30" Column="8"/><EndPos FileId="F_25" Row="30" Column="16"/><Statements><IfStatement><StartPos FileId="F_25" Row="32" Column="12"/><EndPos FileId="F_25" Row="32" Column="27"/><Then><FlowControlStatement><StartPos FileId="F_25" Row="33" Column="15"/><EndPos FileId="F_25" Row="33" Column="27"/><ParagraphRef IdRef="P_89"/></FlowControlStatement></Then></IfStatement><Statement><StartPos FileId="F_25" Row="35" Column="12"/><EndPos FileId="F_25" Row="35" Column="31"/></Statement><Statement><StartPos FileId="F_25" Row="36" Column="12"/><EndPos FileId="F_25" Row="36" Column="31"/></Statement><Statement><StartPos FileId="F_25" Row="37" Column="12"/><EndPos FileId="F_25" Row="37" Column="32"/></Statement><Statement><StartPos FileId="F_25" Row="38" Column="12"/><EndPos FileId="F_25" Row="38" Column="43"/></Statement><Statement><StartPos FileId="F_25" Row="39" Column="12"/><EndPos FileId="F_25" Row="39" Column="43"/></Statement><Statement><StartPos FileId="F_25" Row="40" Column="12"/><EndPos FileId="F_25" Row="40" Column="43"/></Statement><Statement><StartPos FileId="F_25" Row="41" Column="12"/><EndPos FileId="F_25" Row="41" Column="42"/></Statement><Statement><StartPos FileId="F_25" Row="42" Column="12"/><EndPos FileId="F_25" Row="42" Column="43"/></Statement><Statement><StartPos FileId="F_25" Row="43" Column="12"/><EndPos FileId="F_25" Row="43" Column="43"/></Statement><Statement><StartPos FileId="F_25" Row="47" Column="22"/><EndPos FileId="F_25" Row="49" Column="27"/></Statement></Statements></Paragraph><Paragraph id="P_89" Name="A-GAIN" FallThrough="0"><StartPos FileId="F_25" Row="52" Column="8"/><EndPos FileId="F_25" Row="52" Column="14"/><Statements><Statement><StartPos FileId="F_25" Row="54" Column="22"/><EndPos FileId="F_25" Row="56" Column="32"/></Statement><Statement><StartPos FileId="F_25" Row="57" Column="22"/><EndPos FileId="F_25" Row="58" Column="36"/></Statement><Statement><StartPos FileId="F_25" Row="61" Column="22"/><EndPos FileId="F_25" Row="63" Column="37"/></Statement><SwitchState><StartPos FileId="F_25" Row="66" Column="12"/><EndPos FileId="F_25" Row="66" Column="20"/><Cases><Case><StartPos FileId="F_25" Row="68" Column="14"/><EndPos FileId="F_25" Row="68" Column="22"/><Statements><Statement><StartPos FileId="F_25" Row="69" Column="18"/><EndPos FileId="F_25" Row="69" Column="50"/></Statement><Statement><StartPos FileId="F_25" Row="70" Column="18"/><EndPos FileId="F_25" Row="70" Column="52"/></Statement><Statement><StartPos FileId="F_25" Row="71" Column="18"/><EndPos FileId="F_25" Row="71" Column="50"/></Statement><Statement><StartPos FileId="F_25" Row="72" Column="28"/><EndPos FileId="F_25" Row="74" Column="41"/></Statement><IfStatement><StartPos FileId="F_25" Row="76" Column="18"/><EndPos FileId="F_25" Row="76" Column="39"/><Then><FlowControlStatement><StartPos FileId="F_25" Row="77" Column="20"/><EndPos FileId="F_25" Row="77" Column="33"/><ParagraphRef IdRef="P_96"/></FlowControlStatement></Then></IfStatement><Statement><StartPos FileId="F_25" Row="80" Column="18"/><EndPos FileId="F_25" Row="80" Column="53"/></Statement><Statement><StartPos FileId="F_25" Row="81" Column="18"/><EndPos FileId="F_25" Row="81" Column="53"/></Statement><Statement><StartPos FileId="F_25" Row="82" Column="18"/><EndPos FileId="F_25" Row="82" Column="53"/></Statement><Statement><StartPos FileId="F_25" Row="83" Column="18"/><EndPos FileId="F_25" Row="83" Column="53"/></Statement><Statement><StartPos FileId="F_25" Row="84" Column="18"/><EndPos FileId="F_25" Row="84" Column="53"/></Statement><Statement><StartPos FileId="F_25" Row="85" Column="18"/><EndPos FileId="F_25" Row="85" Column="53"/></Statement><Statement><StartPos FileId="F_25" Row="86" Column="18"/><EndPos FileId="F_25" Row="86" Column="53"/></Statement><Statement><StartPos FileId="F_25" Row="87" Column="18"/><EndPos FileId="F_25" Row="87" Column="52"/></Statement><Statement><StartPos FileId="F_25" Row="88" Column="18"/><EndPos FileId="F_25" Row="88" Column="53"/></Statement><Statement><StartPos FileId="F_25" Row="89" Column="18"/><EndPos FileId="F_25" Row="89" Column="53"/></Statement><Statement><StartPos FileId="F_25" Row="90" Column="18"/><EndPos FileId="F_25" Row="90" Column="53"/></Statement><Statement><StartPos FileId="F_25" Row="91" Column="28"/><EndPos FileId="F_25" Row="93" Column="44"/></Statement><FlowControlStatement><StartPos FileId="F_25" Row="95" Column="18"/><EndPos FileId="F_25" Row="95" Column="37"/><ParagraphRef IdRef="P_90"/></FlowControlStatement></Statements></Case><Case><StartPos FileId="F_25" Row="97" Column="14"/><EndPos FileId="F_25" Row="97" Column="22"/><Statements><Statement><StartPos FileId="F_25" Row="98" Column="18"/><EndPos FileId="F_25" Row="98" Column="57"/></Statement><Statement><StartPos FileId="F_25" Row="99" Column="18"/><EndPos FileId="F_25" Row="99" Column="59"/></Statement><Statement><StartPos FileId="F_25" Row="100" Column="18"/><EndPos FileId="F_25" Row="100" Column="54"/></Statement><Statement><StartPos FileId="F_25" Row="101" Column="18"/><EndPos FileId="F_25" Row="101" Column="55"/></Statement><Statement><StartPos FileId="F_25" Row="102" Column="18"/><EndPos FileId="F_25" Row="102" Column="57"/></Statement><Statement><StartPos FileId="F_25" Row="103" Column="18"/><EndPos FileId="F_25" Row="103" Column="57"/></Statement><Statement><StartPos FileId="F_25" Row="104" Column="18"/><EndPos FileId="F_25" Row="104" Column="58"/></Statement><Statement><StartPos FileId="F_25" Row="105" Column="18"/><EndPos FileId="F_25" Row="105" Column="53"/></Statement><Statement><StartPos FileId="F_25" Row="106" Column="18"/><EndPos FileId="F_25" Row="106" Column="54"/></Statement><Statement><StartPos FileId="F_25" Row="107" Column="18"/><EndPos FileId="F_25" Row="107" Column="54"/></Statement><Statement><StartPos FileId="F_25" Row="108" Column="18"/><EndPos FileId="F_25" Row="108" Column="58"/></Statement><Statement><StartPos FileId="F_25" Row="109" Column="18"/><EndPos FileId="F_25" Row="109" Column="55"/></Statement><Statement><StartPos FileId="F_25" Row="110" Column="18"/><EndPos FileId="F_25" Row="110" Column="51"/></Statement><Statement><StartPos FileId="F_25" Row="111" Column="18"/><EndPos FileId="F_25" Row="111" Column="61"/></Statement><Statement><StartPos FileId="F_25" Row="112" Column="18"/><EndPos FileId="F_25" Row="112" Column="56"/></Statement><Statement><StartPos FileId="F_25" Row="113" Column="18"/><EndPos FileId="F_25" Row="113" Column="58"/></Statement><Statement><StartPos FileId="F_25" Row="115" Column="28"/><EndPos FileId="F_25" Row="117" Column="41"/></Statement><IfStatement><StartPos FileId="F_25" Row="119" Column="18"/><EndPos FileId="F_25" Row="120" Column="29"/><Then><Statement><StartPos FileId="F_25" Row="120" Column="30"/><EndPos FileId="F_25" Row="120" Column="48"/></Statement><FlowControlStatement><StartPos FileId="F_25" Row="121" Column="20"/><EndPos FileId="F_25" Row="121" Column="32"/><ParagraphRef IdRef="P_93"/></FlowControlStatement></Then></IfStatement><Statement><StartPos FileId="F_25" Row="124" Column="18"/><EndPos FileId="F_25" Row="124" Column="50"/></Statement><Statement><StartPos FileId="F_25" Row="125" Column="18"/><EndPos FileId="F_25" Row="125" Column="50"/></Statement><Statement><StartPos FileId="F_25" Row="126" Column="18"/><EndPos FileId="F_25" Row="126" Column="50"/></Statement><Statement><StartPos FileId="F_25" Row="127" Column="18"/><EndPos FileId="F_25" Row="128" Column="32"/></Statement><Statement><StartPos FileId="F_25" Row="129" Column="28"/><EndPos FileId="F_25" Row="131" Column="44"/></Statement><FlowControlStatement><StartPos FileId="F_25" Row="133" Column="18"/><EndPos FileId="F_25" Row="133" Column="37"/><ParagraphRef IdRef="P_90"/></FlowControlStatement></Statements></Case><Case><StartPos FileId="F_25" Row="135" Column="14"/><EndPos FileId="F_25" Row="135" Column="22"/><Statements><Statement><StartPos FileId="F_25" Row="136" Column="18"/><EndPos FileId="F_25" Row="136" Column="50"/></Statement><Statement><StartPos FileId="F_25" Row="137" Column="18"/><EndPos FileId="F_25" Row="137" Column="52"/></Statement><Statement><StartPos FileId="F_25" Row="138" Column="18"/><EndPos FileId="F_25" Row="138" Column="50"/></Statement><Statement><StartPos FileId="F_25" Row="139" Column="28"/><EndPos FileId="F_25" Row="141" Column="41"/></Statement><IfStatement><StartPos FileId="F_25" Row="143" Column="18"/><EndPos FileId="F_25" Row="144" Column="29"/><Then><Statement><StartPos FileId="F_25" Row="144" Column="30"/><EndPos FileId="F_25" Row="144" Column="48"/></Statement><FlowControlStatement><StartPos FileId="F_25" Row="145" Column="20"/><EndPos FileId="F_25" Row="145" Column="35"/><ParagraphRef IdRef="P_95"/></FlowControlStatement></Then></IfStatement><Statement><StartPos FileId="F_25" Row="148" Column="18"/><EndPos FileId="F_25" Row="148" Column="53"/></Statement><Statement><StartPos FileId="F_25" Row="149" Column="18"/><EndPos FileId="F_25" Row="149" Column="53"/></Statement><Statement><StartPos FileId="F_25" Row="150" Column="18"/><EndPos FileId="F_25" Row="150" Column="53"/></Statement><Statement><StartPos FileId="F_25" Row="151" Column="18"/><EndPos FileId="F_25" Row="151" Column="53"/></Statement><Statement><StartPos FileId="F_25" Row="152" Column="18"/><EndPos FileId="F_25" Row="152" Column="53"/></Statement><Statement><StartPos FileId="F_25" Row="153" Column="18"/><EndPos FileId="F_25" Row="153" Column="53"/></Statement><Statement><StartPos FileId="F_25" Row="154" Column="18"/><EndPos FileId="F_25" Row="154" Column="53"/></Statement><Statement><StartPos FileId="F_25" Row="155" Column="18"/><EndPos FileId="F_25" Row="155" Column="52"/></Statement><Statement><StartPos FileId="F_25" Row="156" Column="18"/><EndPos FileId="F_25" Row="156" Column="53"/></Statement><Statement><StartPos FileId="F_25" Row="157" Column="18"/><EndPos FileId="F_25" Row="158" Column="32"/></Statement><Statement><StartPos FileId="F_25" Row="159" Column="28"/><EndPos FileId="F_25" Row="161" Column="44"/></Statement><Statement><StartPos FileId="F_25" Row="163" Column="28"/><EndPos FileId="F_25" Row="165" Column="44"/></Statement><FlowControlStatement><StartPos FileId="F_25" Row="167" Column="18"/><EndPos FileId="F_25" Row="167" Column="37"/><ParagraphRef IdRef="P_90"/></FlowControlStatement></Statements></Case><Case><StartPos FileId="F_25" Row="169" Column="14"/><EndPos FileId="F_25" Row="169" Column="22"/><Statements><Statement><StartPos FileId="F_25" Row="170" Column="18"/><EndPos FileId="F_25" Row="170" Column="50"/></Statement><Statement><StartPos FileId="F_25" Row="171" Column="18"/><EndPos FileId="F_25" Row="171" Column="52"/></Statement><Statement><StartPos FileId="F_25" Row="172" Column="18"/><EndPos FileId="F_25" Row="172" Column="50"/></Statement><Statement><StartPos FileId="F_25" Row="173" Column="28"/><EndPos FileId="F_25" Row="175" Column="41"/></Statement><IfStatement><StartPos FileId="F_25" Row="177" Column="18"/><EndPos FileId="F_25" Row="177" Column="39"/><Then><FlowControlStatement><StartPos FileId="F_25" Row="178" Column="20"/><EndPos FileId="F_25" Row="178" Column="33"/><ParagraphRef IdRef="P_96"/></FlowControlStatement></Then></IfStatement><Statement><StartPos FileId="F_25" Row="181" Column="18"/><EndPos FileId="F_25" Row="181" Column="53"/></Statement><Statement><StartPos FileId="F_25" Row="182" Column="18"/><EndPos FileId="F_25" Row="182" Column="53"/></Statement><Statement><StartPos FileId="F_25" Row="183" Column="18"/><EndPos FileId="F_25" Row="183" Column="53"/></Statement><Statement><StartPos FileId="F_25" Row="184" Column="18"/><EndPos FileId="F_25" Row="184" Column="53"/></Statement><Statement><StartPos FileId="F_25" Row="185" Column="18"/><EndPos FileId="F_25" Row="185" Column="53"/></Statement><Statement><StartPos FileId="F_25" Row="186" Column="18"/><EndPos FileId="F_25" Row="186" Column="53"/></Statement><Statement><StartPos FileId="F_25" Row="187" Column="18"/><EndPos FileId="F_25" Row="187" Column="53"/></Statement><Statement><StartPos FileId="F_25" Row="188" Column="18"/><EndPos FileId="F_25" Row="188" Column="52"/></Statement><Statement><StartPos FileId="F_25" Row="189" Column="18"/><EndPos FileId="F_25" Row="189" Column="53"/></Statement><Statement><StartPos FileId="F_25" Row="190" Column="18"/><EndPos FileId="F_25" Row="190" Column="53"/></Statement><Statement><StartPos FileId="F_25" Row="191" Column="18"/><EndPos FileId="F_25" Row="191" Column="53"/></Statement><Statement><StartPos FileId="F_25" Row="192" Column="28"/><EndPos FileId="F_25" Row="194" Column="44"/></Statement><Statement><StartPos FileId="F_25" Row="196" Column="28"/><EndPos FileId="F_25" Row="198" Column="43"/></Statement><Statement><StartPos FileId="F_25" Row="200" Column="18"/><EndPos FileId="F_25" Row="200" Column="57"/></Statement><Statement><StartPos FileId="F_25" Row="201" Column="18"/><EndPos FileId="F_25" Row="201" Column="59"/></Statement><Statement><StartPos FileId="F_25" Row="202" Column="18"/><EndPos FileId="F_25" Row="202" Column="54"/></Statement><Statement><StartPos FileId="F_25" Row="203" Column="18"/><EndPos FileId="F_25" Row="203" Column="55"/></Statement><Statement><StartPos FileId="F_25" Row="204" Column="18"/><EndPos FileId="F_25" Row="204" Column="57"/></Statement><Statement><StartPos FileId="F_25" Row="205" Column="18"/><EndPos FileId="F_25" Row="205" Column="57"/></Statement><Statement><StartPos FileId="F_25" Row="206" Column="18"/><EndPos FileId="F_25" Row="206" Column="58"/></Statement><Statement><StartPos FileId="F_25" Row="207" Column="18"/><EndPos FileId="F_25" Row="207" Column="53"/></Statement><Statement><StartPos FileId="F_25" Row="208" Column="18"/><EndPos FileId="F_25" Row="208" Column="54"/></Statement><Statement><StartPos FileId="F_25" Row="209" Column="18"/><EndPos FileId="F_25" Row="209" Column="54"/></Statement><Statement><StartPos FileId="F_25" Row="210" Column="18"/><EndPos FileId="F_25" Row="210" Column="58"/></Statement><Statement><StartPos FileId="F_25" Row="211" Column="18"/><EndPos FileId="F_25" Row="211" Column="55"/></Statement><Statement><StartPos FileId="F_25" Row="212" Column="18"/><EndPos FileId="F_25" Row="212" Column="51"/></Statement><Statement><StartPos FileId="F_25" Row="213" Column="18"/><EndPos FileId="F_25" Row="213" Column="61"/></Statement><Statement><StartPos FileId="F_25" Row="214" Column="18"/><EndPos FileId="F_25" Row="214" Column="56"/></Statement><Statement><StartPos FileId="F_25" Row="215" Column="18"/><EndPos FileId="F_25" Row="215" Column="58"/></Statement><Statement><StartPos FileId="F_25" Row="216" Column="28"/><EndPos FileId="F_25" Row="218" Column="41"/></Statement><IfStatement><StartPos FileId="F_25" Row="220" Column="18"/><EndPos FileId="F_25" Row="220" Column="39"/><Then><FlowControlStatement><StartPos FileId="F_25" Row="221" Column="20"/><EndPos FileId="F_25" Row="221" Column="32"/><ParagraphRef IdRef="P_94"/></FlowControlStatement></Then></IfStatement><Statement><StartPos FileId="F_25" Row="224" Column="18"/><EndPos FileId="F_25" Row="224" Column="50"/></Statement><Statement><StartPos FileId="F_25" Row="225" Column="18"/><EndPos FileId="F_25" Row="225" Column="50"/></Statement><Statement><StartPos FileId="F_25" Row="226" Column="18"/><EndPos FileId="F_25" Row="226" Column="50"/></Statement><Statement><StartPos FileId="F_25" Row="227" Column="18"/><EndPos FileId="F_25" Row="228" Column="32"/></Statement><Statement><StartPos FileId="F_25" Row="229" Column="28"/><EndPos FileId="F_25" Row="231" Column="44"/></Statement><FlowControlStatement><StartPos FileId="F_25" Row="234" Column="18"/><EndPos FileId="F_25" Row="234" Column="37"/><ParagraphRef IdRef="P_90"/></FlowControlStatement></Statements></Case><Case IsOther="true"><StartPos FileId="F_25" Row="236" Column="19"/><EndPos FileId="F_25" Row="236" Column="32"/><Statements><Statement><StartPos FileId="F_25" Row="238" Column="18"/><EndPos FileId="F_25" Row="239" Column="32"/></Statement><Statement><StartPos FileId="F_25" Row="240" Column="18"/><EndPos FileId="F_25" Row="240" Column="37"/></Statement><Statement><StartPos FileId="F_25" Row="242" Column="28"/><EndPos FileId="F_25" Row="245" Column="34"/></Statement><FlowControlStatement><StartPos FileId="F_25" Row="247" Column="18"/><EndPos FileId="F_25" Row="247" Column="37"/><ParagraphRef IdRef="P_90"/></FlowControlStatement></Statements></Case></Cases></SwitchState><Statement><StartPos FileId="F_25" Row="254" Column="22"/><EndPos FileId="F_25" Row="254" Column="28"/></Statement></Statements></Paragraph><Paragraph id="P_90" Name="ENDIT-STARTIT" FallThrough="0"><StartPos FileId="F_25" Row="257" Column="8"/><EndPos FileId="F_25" Row="257" Column="21"/><Statements><Statement><StartPos FileId="F_25" Row="258" Column="22"/><EndPos FileId="F_25" Row="260" Column="36"/></Statement></Statements></Paragraph><Paragraph id="P_91" Name="ENDIT" FallThrough="0"><StartPos FileId="F_25" Row="263" Column="8"/><EndPos FileId="F_25" Row="263" Column="13"/><Statements><Statement><StartPos FileId="F_25" Row="264" Column="22"/><EndPos FileId="F_25" Row="268" Column="28"/></Statement><Statement><StartPos FileId="F_25" Row="270" Column="22"/><EndPos FileId="F_25" Row="270" Column="28"/></Statement></Statements></Paragraph><Paragraph id="P_92" Name="CLEARIT" FallThrough="0"><StartPos FileId="F_25" Row="273" Column="8"/><EndPos FileId="F_25" Row="273" Column="15"/><Statements><Statement><StartPos FileId="F_25" Row="275" Column="12"/><EndPos FileId="F_25" Row="275" Column="31"/></Statement><Statement><StartPos FileId="F_25" Row="276" Column="22"/><EndPos FileId="F_25" Row="278" Column="29"/></Statement><Statement><StartPos FileId="F_25" Row="281" Column="22"/><EndPos FileId="F_25" Row="283" Column="36"/></Statement></Statements></Paragraph><Paragraph id="P_93" Name="NO-ADD" FallThrough="2"><StartPos FileId="F_25" Row="286" Column="8"/><EndPos FileId="F_25" Row="286" Column="14"/><Statements><SwitchState><StartPos FileId="F_25" Row="287" Column="12"/><EndPos FileId="F_25" Row="287" Column="20"/><Cases><Case><StartPos FileId="F_25" Row="288" Column="14"/><EndPos FileId="F_25" Row="288" Column="21"/><Statements><Statement><StartPos FileId="F_25" Row="289" Column="16"/><EndPos FileId="F_25" Row="289" Column="68"/></Statement><FlowControlStatement><StartPos FileId="F_25" Row="290" Column="16"/><EndPos FileId="F_25" Row="290" Column="31"/><ParagraphRef IdRef="P_97"/></FlowControlStatement></Statements></Case><Case IsOther="true"><StartPos FileId="F_25" Row="291" Column="19"/><EndPos FileId="F_25" Row="291" Column="32"/><Statements><Statement><StartPos FileId="F_25" Row="292" Column="16"/><EndPos FileId="F_25" Row="292" Column="68"/></Statement><FlowControlStatement><StartPos FileId="F_25" Row="293" Column="16"/><EndPos FileId="F_25" Row="293" Column="31"/><ParagraphRef IdRef="P_97"/></FlowControlStatement></Statements></Case></Cases></SwitchState></Statements></Paragraph><Paragraph id="P_94" Name="NO-UPD" FallThrough="0"><StartPos FileId="F_25" Row="296" Column="8"/><EndPos FileId="F_25" Row="296" Column="14"/><Statements><Statement><StartPos FileId="F_25" Row="297" Column="12"/><EndPos FileId="F_25" Row="297" Column="62"/></Statement><FlowControlStatement><StartPos FileId="F_25" Row="298" Column="12"/><EndPos FileId="F_25" Row="298" Column="27"/><ParagraphRef IdRef="P_97"/></FlowControlStatement></Statements></Paragraph><Paragraph id="P_95" Name="NO-DELETE" FallThrough="0"><StartPos FileId="F_25" Row="300" Column="8"/><EndPos FileId="F_25" Row="300" Column="17"/><Statements><Statement><StartPos FileId="F_25" Row="301" Column="12"/><EndPos FileId="F_25" Row="301" Column="62"/></Statement><FlowControlStatement><StartPos FileId="F_25" Row="302" Column="12"/><EndPos FileId="F_25" Row="302" Column="27"/><ParagraphRef IdRef="P_97"/></FlowControlStatement></Statements></Paragraph><Paragraph id="P_96" Name="NO-DATA" FallThrough="0"><StartPos FileId="F_25" Row="304" Column="8"/><EndPos FileId="F_25" Row="304" Column="15"/><Statements><Statement><StartPos FileId="F_25" Row="305" Column="12"/><EndPos FileId="F_25" Row="305" Column="64"/></Statement><FlowControlStatement><StartPos FileId="F_25" Row="306" Column="12"/><EndPos FileId="F_25" Row="306" Column="27"/><ParagraphRef IdRef="P_97"/></FlowControlStatement></Statements></Paragraph><Paragraph id="P_97" Name="ERROR-OUT" FallThrough="0"><StartPos FileId="F_25" Row="308" Column="8"/><EndPos FileId="F_25" Row="308" Column="17"/><Statements><Statement><StartPos FileId="F_25" Row="309" Column="22"/><EndPos FileId="F_25" Row="311" Column="38"/></Statement><Statement><StartPos FileId="F_25" Row="314" Column="12"/><EndPos FileId="F_25" Row="314" Column="31"/></Statement><Statement><StartPos FileId="F_25" Row="315" Column="12"/><EndPos FileId="F_25" Row="315" Column="31"/></Statement><Statement><StartPos FileId="F_25" Row="316" Column="12"/><EndPos FileId="F_25" Row="316" Column="32"/></Statement><FlowControlStatement><StartPos FileId="F_25" Row="318" Column="12"/><EndPos FileId="F_25" Row="318" Column="31"/><ParagraphRef IdRef="P_90"/></FlowControlStatement></Statements></Paragraph></Section></Sections></FlowChart>
