<FlowChart xmlns="http://www.EZL.com//FlowChart" xmlns:xsi="http://www.w3.org/2001/XMLSchema-instance" xsi:schemaLocation="FlowChart.xsd"><Files xmlns=""><File id="F_28" Name="C:\GitRepos\cics-genapp-main\base\src\lgtestp4.cbl"/><File id="F_24" Name="C:\GitRepos\cics-genapp-main\base\src\SSMAP.bms"/><File id="F_4" Name="C:\GitRepos\cics-genapp-main\base\src\LGCMAREA.cpy"/></Files><Sections xmlns=""><Section Name="MAINLINE"><StartPos FileId="F_28" Row="30" Column="8"/><EndPos FileId="F_28" Row="30" Column="16"/><Paragraph id="P_118" Name="MAINLINE_FIRST_SENTENCES" FallThrough="2"><StartPos FileId="F_28" Row="30" Column="8"/><EndPos FileId="F_28" Row="30" Column="16"/><Statements><IfStatement><StartPos FileId="F_28" Row="32" Column="12"/><EndPos FileId="F_28" Row="32" Column="27"/><Then><FlowControlStatement><StartPos FileId="F_28" Row="33" Column="15"/><EndPos FileId="F_28" Row="33" Column="27"/><ParagraphRef IdRef="P_119"/></FlowControlStatement></Then></IfStatement><Statement><StartPos FileId="F_28" Row="35" Column="12"/><EndPos FileId="F_28" Row="35" Column="31"/></Statement><Statement><StartPos FileId="F_28" Row="36" Column="12"/><EndPos FileId="F_28" Row="36" Column="31"/></Statement><Statement><StartPos FileId="F_28" Row="37" Column="12"/><EndPos FileId="F_28" Row="37" Column="32"/></Statement><Statement><StartPos FileId="F_28" Row="38" Column="12"/><EndPos FileId="F_28" Row="38" Column="43"/></Statement><Statement><StartPos FileId="F_28" Row="39" Column="12"/><EndPos FileId="F_28" Row="39" Column="43"/></Statement><Statement><StartPos FileId="F_28" Row="40" Column="12"/><EndPos FileId="F_28" Row="40" Column="43"/></Statement><Statement><StartPos FileId="F_28" Row="41" Column="12"/><EndPos FileId="F_28" Row="41" Column="43"/></Statement><Statement><StartPos FileId="F_28" Row="42" Column="12"/><EndPos FileId="F_28" Row="42" Column="43"/></Statement><Statement><StartPos FileId="F_28" Row="43" Column="12"/><EndPos FileId="F_28" Row="43" Column="43"/></Statement><Statement><StartPos FileId="F_28" Row="44" Column="12"/><EndPos FileId="F_28" Row="44" Column="43"/></Statement><Statement><StartPos FileId="F_28" Row="45" Column="12"/><EndPos FileId="F_28" Row="45" Column="43"/></Statement><Statement><StartPos FileId="F_28" Row="46" Column="12"/><EndPos FileId="F_28" Row="46" Column="43"/></Statement><Statement><StartPos FileId="F_28" Row="47" Column="12"/><EndPos FileId="F_28" Row="47" Column="43"/></Statement><Statement><StartPos FileId="F_28" Row="48" Column="12"/><EndPos FileId="F_28" Row="48" Column="43"/></Statement><Statement><StartPos FileId="F_28" Row="52" Column="22"/><EndPos FileId="F_28" Row="54" Column="27"/></Statement></Statements></Paragraph><Paragraph id="P_119" Name="A-GAIN" FallThrough="0"><StartPos FileId="F_28" Row="57" Column="8"/><EndPos FileId="F_28" Row="57" Column="14"/><Statements><Statement><StartPos FileId="F_28" Row="59" Column="22"/><EndPos FileId="F_28" Row="61" Column="32"/></Statement><Statement><StartPos FileId="F_28" Row="62" Column="22"/><EndPos FileId="F_28" Row="63" Column="36"/></Statement><Statement><StartPos FileId="F_28" Row="66" Column="22"/><EndPos FileId="F_28" Row="68" Column="37"/></Statement><SwitchState><StartPos FileId="F_28" Row="71" Column="12"/><EndPos FileId="F_28" Row="71" Column="20"/><Cases><Case><StartPos FileId="F_28" Row="73" Column="14"/><EndPos FileId="F_28" Row="73" Column="22"/><Statements><IfStatement><StartPos FileId="F_28" Row="74" Column="18"/><EndPos FileId="F_28" Row="86" Column="53"/><Then><Statement><StartPos FileId="F_28" Row="87" Column="25"/><EndPos FileId="F_28" Row="87" Column="57"/></Statement><Statement><StartPos FileId="F_28" Row="88" Column="25"/><EndPos FileId="F_28" Row="88" Column="59"/></Statement><Statement><StartPos FileId="F_28" Row="89" Column="25"/><EndPos FileId="F_28" Row="89" Column="57"/></Statement></Then><Else><IfStatement><StartPos FileId="F_28" Row="91" Column="18"/><EndPos FileId="F_28" Row="96" Column="53"/><Then><Statement><StartPos FileId="F_28" Row="97" Column="25"/><EndPos FileId="F_28" Row="97" Column="57"/></Statement><Statement><StartPos FileId="F_28" Row="98" Column="25"/><EndPos FileId="F_28" Row="98" Column="57"/></Statement></Then><Else><IfStatement><StartPos FileId="F_28" Row="100" Column="18"/><EndPos FileId="F_28" Row="105" Column="53"/><Then><Statement><StartPos FileId="F_28" Row="106" Column="25"/><EndPos FileId="F_28" Row="106" Column="57"/></Statement><Statement><StartPos FileId="F_28" Row="107" Column="25"/><EndPos FileId="F_28" Row="107" Column="59"/></Statement></Then><Else><IfStatement><StartPos FileId="F_28" Row="109" Column="18"/><EndPos FileId="F_28" Row="114" Column="53"/><Then><Statement><StartPos FileId="F_28" Row="115" Column="25"/><EndPos FileId="F_28" Row="115" Column="57"/></Statement><Statement><StartPos FileId="F_28" Row="116" Column="25"/><EndPos FileId="F_28" Row="116" Column="57"/></Statement></Then></IfStatement></Else></IfStatement></Else></IfStatement></Else></IfStatement><Statement><StartPos FileId="F_28" Row="122" Column="28"/><EndPos FileId="F_28" Row="124" Column="41"/></Statement><IfStatement><StartPos FileId="F_28" Row="126" Column="18"/><EndPos FileId="F_28" Row="126" Column="39"/><Then><FlowControlStatement><StartPos FileId="F_28" Row="127" Column="20"/><EndPos FileId="F_28" Row="127" Column="33"/><ParagraphRef IdRef="P_126"/></FlowControlStatement></Then></IfStatement><Statement><StartPos FileId="F_28" Row="130" Column="18"/><EndPos FileId="F_28" Row="130" Column="56"/></Statement><Statement><StartPos FileId="F_28" Row="131" Column="18"/><EndPos FileId="F_28" Row="131" Column="56"/></Statement><Statement><StartPos FileId="F_28" Row="132" Column="18"/><EndPos FileId="F_28" Row="132" Column="56"/></Statement><Statement><StartPos FileId="F_28" Row="133" Column="18"/><EndPos FileId="F_28" Row="133" Column="56"/></Statement><Statement><StartPos FileId="F_28" Row="134" Column="18"/><EndPos FileId="F_28" Row="134" Column="56"/></Statement><Statement><StartPos FileId="F_28" Row="135" Column="18"/><EndPos FileId="F_28" Row="135" Column="56"/></Statement><Statement><StartPos FileId="F_28" Row="136" Column="18"/><EndPos FileId="F_28" Row="136" Column="56"/></Statement><Statement><StartPos FileId="F_28" Row="137" Column="18"/><EndPos FileId="F_28" Row="137" Column="56"/></Statement><Statement><StartPos FileId="F_28" Row="138" Column="18"/><EndPos FileId="F_28" Row="138" Column="56"/></Statement><Statement><StartPos FileId="F_28" Row="139" Column="18"/><EndPos FileId="F_28" Row="139" Column="56"/></Statement><Statement><StartPos FileId="F_28" Row="140" Column="18"/><EndPos FileId="F_28" Row="140" Column="56"/></Statement><Statement><StartPos FileId="F_28" Row="141" Column="18"/><EndPos FileId="F_28" Row="141" Column="56"/></Statement><Statement><StartPos FileId="F_28" Row="142" Column="18"/><EndPos FileId="F_28" Row="142" Column="56"/></Statement><Statement><StartPos FileId="F_28" Row="143" Column="18"/><EndPos FileId="F_28" Row="143" Column="56"/></Statement><Statement><StartPos FileId="F_28" Row="144" Column="18"/><EndPos FileId="F_28" Row="144" Column="56"/></Statement><Statement><StartPos FileId="F_28" Row="145" Column="18"/><EndPos FileId="F_28" Row="145" Column="56"/></Statement><Statement><StartPos FileId="F_28" Row="146" Column="18"/><EndPos FileId="F_28" Row="146" Column="56"/></Statement><Statement><StartPos FileId="F_28" Row="147" Column="18"/><EndPos FileId="F_28" Row="147" Column="56"/></Statement><Statement><StartPos FileId="F_28" Row="148" Column="18"/><EndPos FileId="F_28" Row="148" Column="56"/></Statement><Statement><StartPos FileId="F_28" Row="149" Column="18"/><EndPos FileId="F_28" Row="149" Column="56"/></Statement><Statement><StartPos FileId="F_28" Row="150" Column="28"/><EndPos FileId="F_28" Row="152" Column="44"/></Statement><FlowControlStatement><StartPos FileId="F_28" Row="154" Column="18"/><EndPos FileId="F_28" Row="154" Column="37"/><ParagraphRef IdRef="P_120"/></FlowControlStatement></Statements></Case><Case><StartPos FileId="F_28" Row="156" Column="14"/><EndPos FileId="F_28" Row="156" Column="22"/><Statements><Statement><StartPos FileId="F_28" Row="157" Column="18"/><EndPos FileId="F_28" Row="157" Column="61"/></Statement><Statement><StartPos FileId="F_28" Row="158" Column="18"/><EndPos FileId="F_28" Row="158" Column="63"/></Statement><Statement><StartPos FileId="F_28" Row="159" Column="18"/><EndPos FileId="F_28" Row="159" Column="61"/></Statement><Statement><StartPos FileId="F_28" Row="160" Column="18"/><EndPos FileId="F_28" Row="160" Column="62"/></Statement><Statement><StartPos FileId="F_28" Row="161" Column="18"/><EndPos FileId="F_28" Row="161" Column="60"/></Statement><Statement><StartPos FileId="F_28" Row="162" Column="18"/><EndPos FileId="F_28" Row="162" Column="61"/></Statement><Statement><StartPos FileId="F_28" Row="163" Column="18"/><EndPos FileId="F_28" Row="163" Column="61"/></Statement><Statement><StartPos FileId="F_28" Row="164" Column="18"/><EndPos FileId="F_28" Row="164" Column="62"/></Statement><Statement><StartPos FileId="F_28" Row="165" Column="18"/><EndPos FileId="F_28" Row="165" Column="61"/></Statement><Statement><StartPos FileId="F_28" Row="166" Column="18"/><EndPos FileId="F_28" Row="166" Column="61"/></Statement><Statement><StartPos FileId="F_28" Row="167" Column="18"/><EndPos FileId="F_28" Row="167" Column="62"/></Statement><Statement><StartPos FileId="F_28" Row="168" Column="18"/><EndPos FileId="F_28" Row="168" Column="64"/></Statement><Statement><StartPos FileId="F_28" Row="169" Column="18"/><EndPos FileId="F_28" Row="169" Column="63"/></Statement><Statement><StartPos FileId="F_28" Row="170" Column="18"/><EndPos FileId="F_28" Row="170" Column="65"/></Statement><Statement><StartPos FileId="F_28" Row="171" Column="18"/><EndPos FileId="F_28" Row="171" Column="63"/></Statement><Statement><StartPos FileId="F_28" Row="172" Column="18"/><EndPos FileId="F_28" Row="172" Column="65"/></Statement><Statement><StartPos FileId="F_28" Row="173" Column="18"/><EndPos FileId="F_28" Row="173" Column="65"/></Statement><Statement><StartPos FileId="F_28" Row="174" Column="18"/><EndPos FileId="F_28" Row="174" Column="67"/></Statement><Statement><StartPos FileId="F_28" Row="175" Column="18"/><EndPos FileId="F_28" Row="175" Column="59"/></Statement><Statement><StartPos FileId="F_28" Row="176" Column="18"/><EndPos FileId="F_28" Row="176" Column="65"/></Statement><Statement><StartPos FileId="F_28" Row="178" Column="28"/><EndPos FileId="F_28" Row="180" Column="41"/></Statement><IfStatement><StartPos FileId="F_28" Row="182" Column="18"/><EndPos FileId="F_28" Row="183" Column="29"/><Then><Statement><StartPos FileId="F_28" Row="183" Column="30"/><EndPos FileId="F_28" Row="183" Column="48"/></Statement><FlowControlStatement><StartPos FileId="F_28" Row="184" Column="20"/><EndPos FileId="F_28" Row="184" Column="32"/><ParagraphRef IdRef="P_123"/></FlowControlStatement></Then></IfStatement><Statement><StartPos FileId="F_28" Row="186" Column="18"/><EndPos FileId="F_28" Row="186" Column="50"/></Statement><Statement><StartPos FileId="F_28" Row="187" Column="18"/><EndPos FileId="F_28" Row="187" Column="50"/></Statement><Statement><StartPos FileId="F_28" Row="188" Column="18"/><EndPos FileId="F_28" Row="188" Column="50"/></Statement><Statement><StartPos FileId="F_28" Row="189" Column="18"/><EndPos FileId="F_28" Row="190" Column="32"/></Statement><Statement><StartPos FileId="F_28" Row="191" Column="28"/><EndPos FileId="F_28" Row="193" Column="44"/></Statement><FlowControlStatement><StartPos FileId="F_28" Row="195" Column="18"/><EndPos FileId="F_28" Row="195" Column="37"/><ParagraphRef IdRef="P_120"/></FlowControlStatement></Statements></Case><Case><StartPos FileId="F_28" Row="197" Column="14"/><EndPos FileId="F_28" Row="197" Column="22"/><Statements><Statement><StartPos FileId="F_28" Row="198" Column="18"/><EndPos FileId="F_28" Row="198" Column="50"/></Statement><Statement><StartPos FileId="F_28" Row="199" Column="18"/><EndPos FileId="F_28" Row="199" Column="52"/></Statement><Statement><StartPos FileId="F_28" Row="200" Column="18"/><EndPos FileId="F_28" Row="200" Column="50"/></Statement><Statement><StartPos FileId="F_28" Row="201" Column="28"/><EndPos FileId="F_28" Row="203" Column="41"/></Statement><IfStatement><StartPos FileId="F_28" Row="205" Column="18"/><EndPos FileId="F_28" Row="206" Column="29"/><Then><Statement><StartPos FileId="F_28" Row="206" Column="30"/><EndPos FileId="F_28" Row="206" Column="48"/></Statement><FlowControlStatement><StartPos FileId="F_28" Row="207" Column="20"/><EndPos FileId="F_28" Row="207" Column="35"/><ParagraphRef IdRef="P_125"/></FlowControlStatement></Then></IfStatement><Statement><StartPos FileId="F_28" Row="210" Column="18"/><EndPos FileId="F_28" Row="210" Column="53"/></Statement><Statement><StartPos FileId="F_28" Row="211" Column="18"/><EndPos FileId="F_28" Row="211" Column="53"/></Statement><Statement><StartPos FileId="F_28" Row="212" Column="18"/><EndPos FileId="F_28" Row="212" Column="53"/></Statement><Statement><StartPos FileId="F_28" Row="213" Column="18"/><EndPos FileId="F_28" Row="213" Column="53"/></Statement><Statement><StartPos FileId="F_28" Row="214" Column="18"/><EndPos FileId="F_28" Row="214" Column="53"/></Statement><Statement><StartPos FileId="F_28" Row="215" Column="18"/><EndPos FileId="F_28" Row="215" Column="53"/></Statement><Statement><StartPos FileId="F_28" Row="216" Column="18"/><EndPos FileId="F_28" Row="216" Column="53"/></Statement><Statement><StartPos FileId="F_28" Row="217" Column="18"/><EndPos FileId="F_28" Row="217" Column="53"/></Statement><Statement><StartPos FileId="F_28" Row="218" Column="18"/><EndPos FileId="F_28" Row="218" Column="53"/></Statement><Statement><StartPos FileId="F_28" Row="219" Column="18"/><EndPos FileId="F_28" Row="219" Column="53"/></Statement><Statement><StartPos FileId="F_28" Row="220" Column="18"/><EndPos FileId="F_28" Row="220" Column="53"/></Statement><Statement><StartPos FileId="F_28" Row="221" Column="18"/><EndPos FileId="F_28" Row="221" Column="53"/></Statement><Statement><StartPos FileId="F_28" Row="222" Column="18"/><EndPos FileId="F_28" Row="222" Column="53"/></Statement><Statement><StartPos FileId="F_28" Row="223" Column="18"/><EndPos FileId="F_28" Row="223" Column="53"/></Statement><Statement><StartPos FileId="F_28" Row="224" Column="18"/><EndPos FileId="F_28" Row="224" Column="53"/></Statement><Statement><StartPos FileId="F_28" Row="225" Column="18"/><EndPos FileId="F_28" Row="225" Column="53"/></Statement><Statement><StartPos FileId="F_28" Row="226" Column="18"/><EndPos FileId="F_28" Row="226" Column="53"/></Statement><Statement><StartPos FileId="F_28" Row="227" Column="18"/><EndPos FileId="F_28" Row="227" Column="50"/></Statement><Statement><StartPos FileId="F_28" Row="228" Column="18"/><EndPos FileId="F_28" Row="229" Column="32"/></Statement><Statement><StartPos FileId="F_28" Row="230" Column="28"/><EndPos FileId="F_28" Row="232" Column="44"/></Statement><FlowControlStatement><StartPos FileId="F_28" Row="234" Column="18"/><EndPos FileId="F_28" Row="234" Column="37"/><ParagraphRef IdRef="P_120"/></FlowControlStatement></Statements></Case><Case IsOther="true"><StartPos FileId="F_28" Row="236" Column="19"/><EndPos FileId="F_28" Row="236" Column="32"/><Statements><Statement><StartPos FileId="F_28" Row="238" Column="18"/><EndPos FileId="F_28" Row="239" Column="32"/></Statement><Statement><StartPos FileId="F_28" Row="240" Column="18"/><EndPos FileId="F_28" Row="240" Column="37"/></Statement><Statement><StartPos FileId="F_28" Row="242" Column="28"/><EndPos FileId="F_28" Row="245" Column="34"/></Statement><FlowControlStatement><StartPos FileId="F_28" Row="247" Column="18"/><EndPos FileId="F_28" Row="247" Column="37"/><ParagraphRef IdRef="P_120"/></FlowControlStatement></Statements></Case></Cases></SwitchState><Statement><StartPos FileId="F_28" Row="254" Column="22"/><EndPos FileId="F_28" Row="254" Column="28"/></Statement></Statements></Paragraph><Paragraph id="P_120" Name="ENDIT-STARTIT" FallThrough="0"><StartPos FileId="F_28" Row="257" Column="8"/><EndPos FileId="F_28" Row="257" Column="21"/><Statements><Statement><StartPos FileId="F_28" Row="258" Column="22"/><EndPos FileId="F_28" Row="260" Column="36"/></Statement></Statements></Paragraph><Paragraph id="P_121" Name="ENDIT" FallThrough="0"><StartPos FileId="F_28" Row="263" Column="8"/><EndPos FileId="F_28" Row="263" Column="13"/><Statements><Statement><StartPos FileId="F_28" Row="264" Column="22"/><EndPos FileId="F_28" Row="268" Column="28"/></Statement><Statement><StartPos FileId="F_28" Row="270" Column="22"/><EndPos FileId="F_28" Row="270" Column="28"/></Statement></Statements></Paragraph><Paragraph id="P_122" Name="CLEARIT" FallThrough="0"><StartPos FileId="F_28" Row="273" Column="8"/><EndPos FileId="F_28" Row="273" Column="15"/><Statements><Statement><StartPos FileId="F_28" Row="275" Column="12"/><EndPos FileId="F_28" Row="275" Column="31"/></Statement><Statement><StartPos FileId="F_28" Row="276" Column="22"/><EndPos FileId="F_28" Row="278" Column="29"/></Statement><Statement><StartPos FileId="F_28" Row="281" Column="22"/><EndPos FileId="F_28" Row="283" Column="36"/></Statement></Statements></Paragraph><Paragraph id="P_123" Name="NO-ADD" FallThrough="2"><StartPos FileId="F_28" Row="286" Column="8"/><EndPos FileId="F_28" Row="286" Column="14"/><Statements><SwitchState><StartPos FileId="F_28" Row="287" Column="12"/><EndPos FileId="F_28" Row="287" Column="20"/><Cases><Case><StartPos FileId="F_28" Row="288" Column="14"/><EndPos FileId="F_28" Row="288" Column="21"/><Statements><Statement><StartPos FileId="F_28" Row="289" Column="16"/><EndPos FileId="F_28" Row="289" Column="66"/></Statement><FlowControlStatement><StartPos FileId="F_28" Row="290" Column="16"/><EndPos FileId="F_28" Row="290" Column="31"/><ParagraphRef IdRef="P_127"/></FlowControlStatement></Statements></Case><Case IsOther="true"><StartPos FileId="F_28" Row="291" Column="19"/><EndPos FileId="F_28" Row="291" Column="32"/><Statements><Statement><StartPos FileId="F_28" Row="292" Column="16"/><EndPos FileId="F_28" Row="292" Column="66"/></Statement><FlowControlStatement><StartPos FileId="F_28" Row="293" Column="16"/><EndPos FileId="F_28" Row="293" Column="31"/><ParagraphRef IdRef="P_127"/></FlowControlStatement></Statements></Case></Cases></SwitchState></Statements></Paragraph><Paragraph id="P_124" Name="NO-UPD" FallThrough="0"><StartPos FileId="F_28" Row="296" Column="8"/><EndPos FileId="F_28" Row="296" Column="14"/><Statements><Statement><StartPos FileId="F_28" Row="297" Column="12"/><EndPos FileId="F_28" Row="297" Column="66"/></Statement><FlowControlStatement><StartPos FileId="F_28" Row="298" Column="12"/><EndPos FileId="F_28" Row="298" Column="27"/><ParagraphRef IdRef="P_127"/></FlowControlStatement></Statements></Paragraph><Paragraph id="P_125" Name="NO-DELETE" FallThrough="0"><StartPos FileId="F_28" Row="300" Column="8"/><EndPos FileId="F_28" Row="300" Column="17"/><Statements><Statement><StartPos FileId="F_28" Row="301" Column="12"/><EndPos FileId="F_28" Row="301" Column="66"/></Statement><FlowControlStatement><StartPos FileId="F_28" Row="302" Column="12"/><EndPos FileId="F_28" Row="302" Column="27"/><ParagraphRef IdRef="P_127"/></FlowControlStatement></Statements></Paragraph><Paragraph id="P_126" Name="NO-DATA" FallThrough="0"><StartPos FileId="F_28" Row="304" Column="8"/><EndPos FileId="F_28" Row="304" Column="15"/><Statements><Statement><StartPos FileId="F_28" Row="305" Column="12"/><EndPos FileId="F_28" Row="305" Column="66"/></Statement><FlowControlStatement><StartPos FileId="F_28" Row="306" Column="12"/><EndPos FileId="F_28" Row="306" Column="27"/><ParagraphRef IdRef="P_127"/></FlowControlStatement></Statements></Paragraph><Paragraph id="P_127" Name="ERROR-OUT" FallThrough="0"><StartPos FileId="F_28" Row="308" Column="8"/><EndPos FileId="F_28" Row="308" Column="17"/><Statements><Statement><StartPos FileId="F_28" Row="309" Column="22"/><EndPos FileId="F_28" Row="311" Column="38"/></Statement><Statement><StartPos FileId="F_28" Row="314" Column="12"/><EndPos FileId="F_28" Row="314" Column="31"/></Statement><Statement><StartPos FileId="F_28" Row="315" Column="12"/><EndPos FileId="F_28" Row="315" Column="31"/></Statement><Statement><StartPos FileId="F_28" Row="316" Column="12"/><EndPos FileId="F_28" Row="316" Column="32"/></Statement><FlowControlStatement><StartPos FileId="F_28" Row="318" Column="12"/><EndPos FileId="F_28" Row="318" Column="31"/><ParagraphRef IdRef="P_120"/></FlowControlStatement></Statements></Paragraph></Section></Sections></FlowChart>
