<FlowChart xmlns="http://www.EZL.com//FlowChart" xmlns:xsi="http://www.w3.org/2001/XMLSchema-instance" xsi:schemaLocation="FlowChart.xsd"><Files xmlns=""><File id="F_30" Name="C:\GitRepos\cics-genapp-main\base\src\lgucus01.cbl"/><File id="F_4" Name="C:\GitRepos\cics-genapp-main\base\src\LGCMAREA.cpy"/></Files><Sections xmlns=""><Section Name="MAINLINE"><StartPos FileId="F_30" Row="83" Column="8"/><EndPos FileId="F_30" Row="83" Column="16"/><Paragraph id="P_133" Name="MAINLINE_FIRST_SENTENCES" FallThrough="2"><StartPos FileId="F_30" Row="83" Column="8"/><EndPos FileId="F_30" Row="83" Column="16"/><Statements><Statement><StartPos FileId="F_30" Row="89" Column="12"/><EndPos FileId="F_30" Row="89" Column="32"/></Statement><Statement><StartPos FileId="F_30" Row="91" Column="12"/><EndPos FileId="F_30" Row="91" Column="39"/></Statement><Statement><StartPos FileId="F_30" Row="92" Column="12"/><EndPos FileId="F_30" Row="92" Column="38"/></Statement><Statement><StartPos FileId="F_30" Row="93" Column="12"/><EndPos FileId="F_30" Row="93" Column="39"/></Statement><IfStatement><StartPos FileId="F_30" Row="99" Column="12"/><EndPos FileId="F_30" Row="99" Column="40"/><Then><Statement><StartPos FileId="F_30" Row="100" Column="16"/><EndPos FileId="F_30" Row="100" Column="59"/></Statement><FlowControlStatement><StartPos FileId="F_30" Row="101" Column="16"/><EndPos FileId="F_30" Row="101" Column="43"/><ParagraphRef IdRef="P_137"/></FlowControlStatement><Statement><StartPos FileId="F_30" Row="102" Column="26"/><EndPos FileId="F_30" Row="102" Column="53"/></Statement></Then></IfStatement><Statement><StartPos FileId="F_30" Row="105" Column="12"/><EndPos FileId="F_30" Row="105" Column="39"/></Statement><Statement><StartPos FileId="F_30" Row="106" Column="12"/><EndPos FileId="F_30" Row="106" Column="40"/></Statement><Statement><StartPos FileId="F_30" Row="107" Column="12"/><EndPos FileId="F_30" Row="107" Column="37"/></Statement><Statement><StartPos FileId="F_30" Row="108" Column="12"/><EndPos FileId="F_30" Row="108" Column="61"/></Statement><IfStatement><StartPos FileId="F_30" Row="110" Column="12"/><EndPos FileId="F_30" Row="110" Column="43"/><Then><Statement><StartPos FileId="F_30" Row="111" Column="16"/><EndPos FileId="F_30" Row="111" Column="43"/></Statement><FlowControlStatement><StartPos FileId="F_30" Row="112" Column="16"/><EndPos FileId="F_30" Row="112" Column="33"/><ParagraphRef IdRef="P_134"/></FlowControlStatement></Then></IfStatement><FlowControlStatement><StartPos FileId="F_30" Row="116" Column="12"/><EndPos FileId="F_30" Row="116" Column="40"/><ParagraphRef IdRef="P_136"/></FlowControlStatement></Statements></Paragraph><Paragraph id="P_134" Name="END-PROGRAM" FallThrough="0"><StartPos FileId="F_30" Row="119" Column="8"/><EndPos FileId="F_30" Row="119" Column="19"/><Statements><Statement><StartPos FileId="F_30" Row="120" Column="22"/><EndPos FileId="F_30" Row="120" Column="28"/></Statement></Statements></Paragraph><Paragraph id="P_135" Name="MAINLINE-EXIT" FallThrough="0"><StartPos FileId="F_30" Row="122" Column="8"/><EndPos FileId="F_30" Row="122" Column="21"/><Statements><ExitStatement><StartPos FileId="F_30" Row="123" Column="12"/><EndPos FileId="F_30" Row="123" Column="16"/></ExitStatement></Statements></Paragraph><Paragraph id="P_136" Name="UPDATE-CUSTOMER-INFO" FallThrough="0"><StartPos FileId="F_30" Row="126" Column="8"/><EndPos FileId="F_30" Row="126" Column="28"/><Statements><Statement><StartPos FileId="F_30" Row="128" Column="22"/><EndPos FileId="F_30" Row="130" Column="30"/></Statement><ExitStatement><StartPos FileId="F_30" Row="133" Column="12"/><EndPos FileId="F_30" Row="133" Column="16"/></ExitStatement></Statements></Paragraph><Paragraph id="P_137" Name="WRITE-ERROR-MESSAGE" FallThrough="0"><StartPos FileId="F_30" Row="140" Column="8"/><EndPos FileId="F_30" Row="140" Column="27"/><Statements><Statement><StartPos FileId="F_30" Row="143" Column="22"/><EndPos FileId="F_30" Row="143" Column="49"/></Statement><Statement><StartPos FileId="F_30" Row="145" Column="22"/><EndPos FileId="F_30" Row="147" Column="35"/></Statement><Statement><StartPos FileId="F_30" Row="149" Column="12"/><EndPos FileId="F_30" Row="149" Column="35"/></Statement><Statement><StartPos FileId="F_30" Row="150" Column="12"/><EndPos FileId="F_30" Row="150" Column="35"/></Statement><Statement><StartPos FileId="F_30" Row="152" Column="22"/><EndPos FileId="F_30" Row="154" Column="49"/></Statement><IfStatement><StartPos FileId="F_30" Row="157" Column="12"/><EndPos FileId="F_30" Row="157" Column="27"/><Then><IfStatement><StartPos FileId="F_30" Row="158" Column="14"/><EndPos FileId="F_30" Row="158" Column="30"/><Then><Statement><StartPos FileId="F_30" Row="159" Column="16"/><EndPos FileId="F_30" Row="159" Column="55"/></Statement><Statement><StartPos FileId="F_30" Row="160" Column="26"/><EndPos FileId="F_30" Row="162" Column="56"/></Statement></Then><Else><Statement><StartPos FileId="F_30" Row="165" Column="16"/><EndPos FileId="F_30" Row="165" Column="49"/></Statement><Statement><StartPos FileId="F_30" Row="166" Column="26"/><EndPos FileId="F_30" Row="168" Column="56"/></Statement></Else></IfStatement></Then></IfStatement><ExitStatement><StartPos FileId="F_30" Row="172" Column="12"/><EndPos FileId="F_30" Row="172" Column="16"/></ExitStatement></Statements></Paragraph></Section></Sections></FlowChart>
