<FlowChart xmlns="http://www.EZL.com//FlowChart" xmlns:xsi="http://www.w3.org/2001/XMLSchema-instance" xsi:schemaLocation="FlowChart.xsd"><Files xmlns=""><File id="F_29" Name="C:\GitRepos\cics-genapp-main\base\src\lgucdb01.cbl"/><File id="F_2" Name="C:\GitRepos\cics-genapp-main\base\src\LGPOLICY.cpy"/><File id="F_4" Name="C:\GitRepos\cics-genapp-main\base\src\LGCMAREA.cpy"/></Files><Sections xmlns=""><Section Name="MAINLINE"><StartPos FileId="F_29" Row="101" Column="8"/><EndPos FileId="F_29" Row="101" Column="16"/><Paragraph id="P_128" Name="MAINLINE_FIRST_SENTENCES" FallThrough="1"><StartPos FileId="F_29" Row="101" Column="8"/><EndPos FileId="F_29" Row="101" Column="16"/><Statements><Statement><StartPos FileId="F_29" Row="107" Column="12"/><EndPos FileId="F_29" Row="107" Column="32"/></Statement><Statement><StartPos FileId="F_29" Row="109" Column="12"/><EndPos FileId="F_29" Row="109" Column="39"/></Statement><Statement><StartPos FileId="F_29" Row="110" Column="12"/><EndPos FileId="F_29" Row="110" Column="38"/></Statement><Statement><StartPos FileId="F_29" Row="111" Column="12"/><EndPos FileId="F_29" Row="111" Column="39"/></Statement><Statement><StartPos FileId="F_29" Row="112" Column="12"/><EndPos FileId="F_29" Row="112" Column="37"/></Statement><IfStatement><StartPos FileId="F_29" Row="117" Column="12"/><EndPos FileId="F_29" Row="117" Column="40"/><Then><Statement><StartPos FileId="F_29" Row="118" Column="16"/><EndPos FileId="F_29" Row="118" Column="59"/></Statement><FlowControlStatement><StartPos FileId="F_29" Row="119" Column="16"/><EndPos FileId="F_29" Row="119" Column="43"/><ParagraphRef IdRef="P_132"/></FlowControlStatement><Statement><StartPos FileId="F_29" Row="120" Column="26"/><EndPos FileId="F_29" Row="120" Column="53"/></Statement></Then></IfStatement><Statement><StartPos FileId="F_29" Row="124" Column="12"/><EndPos FileId="F_29" Row="124" Column="39"/></Statement><Statement><StartPos FileId="F_29" Row="125" Column="12"/><EndPos FileId="F_29" Row="125" Column="37"/></Statement><Statement><StartPos FileId="F_29" Row="126" Column="12"/><EndPos FileId="F_29" Row="126" Column="61"/></Statement><Statement><StartPos FileId="F_29" Row="129" Column="12"/><EndPos FileId="F_29" Row="129" Column="55"/></Statement><Statement><StartPos FileId="F_29" Row="131" Column="12"/><EndPos FileId="F_29" Row="131" Column="45"/></Statement><FlowControlStatement><StartPos FileId="F_29" Row="134" Column="12"/><EndPos FileId="F_29" Row="134" Column="40"/><ParagraphRef IdRef="P_131"/></FlowControlStatement><Statement><StartPos FileId="F_29" Row="136" Column="22"/><EndPos FileId="F_29" Row="138" Column="28"/></Statement></Statements></Paragraph><Paragraph id="P_129" Name="END-PROGRAM" FallThrough="0"><StartPos FileId="F_29" Row="142" Column="8"/><EndPos FileId="F_29" Row="142" Column="19"/><Statements><Statement><StartPos FileId="F_29" Row="143" Column="22"/><EndPos FileId="F_29" Row="143" Column="28"/></Statement></Statements></Paragraph><Paragraph id="P_130" Name="MAINLINE-EXIT" FallThrough="0"><StartPos FileId="F_29" Row="145" Column="8"/><EndPos FileId="F_29" Row="145" Column="21"/><Statements><ExitStatement><StartPos FileId="F_29" Row="146" Column="12"/><EndPos FileId="F_29" Row="146" Column="16"/></ExitStatement></Statements></Paragraph><Paragraph id="P_131" Name="UPDATE-CUSTOMER-INFO" FallThrough="0"><StartPos FileId="F_29" Row="152" Column="8"/><EndPos FileId="F_29" Row="152" Column="28"/><Statements><Statement><StartPos FileId="F_29" Row="154" Column="12"/><EndPos FileId="F_29" Row="154" Column="46"/></Statement><Statement><StartPos FileId="F_29" Row="156" Column="14"/><EndPos FileId="F_29" Row="168" Column="59"/></Statement><IfStatement><StartPos FileId="F_29" Row="171" Column="12"/><EndPos FileId="F_29" Row="171" Column="34"/><Then><IfStatement><StartPos FileId="F_29" Row="173" Column="14"/><EndPos FileId="F_29" Row="173" Column="34"/><Then><Statement><StartPos FileId="F_29" Row="174" Column="16"/><EndPos FileId="F_29" Row="174" Column="43"/></Statement></Then><Else><Statement><StartPos FileId="F_29" Row="176" Column="16"/><EndPos FileId="F_29" Row="176" Column="43"/></Statement><FlowControlStatement><StartPos FileId="F_29" Row="178" Column="16"/><EndPos FileId="F_29" Row="178" Column="43"/><ParagraphRef IdRef="P_132"/></FlowControlStatement></Else></IfStatement></Then></IfStatement><ExitStatement><StartPos FileId="F_29" Row="181" Column="12"/><EndPos FileId="F_29" Row="181" Column="16"/></ExitStatement></Statements></Paragraph><Paragraph id="P_132" Name="WRITE-ERROR-MESSAGE" FallThrough="0"><StartPos FileId="F_29" Row="189" Column="8"/><EndPos FileId="F_29" Row="189" Column="27"/><Statements><Statement><StartPos FileId="F_29" Row="191" Column="12"/><EndPos FileId="F_29" Row="191" Column="36"/></Statement><Statement><StartPos FileId="F_29" Row="193" Column="22"/><EndPos FileId="F_29" Row="193" Column="49"/></Statement><Statement><StartPos FileId="F_29" Row="195" Column="22"/><EndPos FileId="F_29" Row="197" Column="35"/></Statement><Statement><StartPos FileId="F_29" Row="199" Column="12"/><EndPos FileId="F_29" Row="199" Column="35"/></Statement><Statement><StartPos FileId="F_29" Row="200" Column="12"/><EndPos FileId="F_29" Row="200" Column="35"/></Statement><Statement><StartPos FileId="F_29" Row="202" Column="22"/><EndPos FileId="F_29" Row="204" Column="49"/></Statement><IfStatement><StartPos FileId="F_29" Row="207" Column="12"/><EndPos FileId="F_29" Row="207" Column="27"/><Then><IfStatement><StartPos FileId="F_29" Row="208" Column="14"/><EndPos FileId="F_29" Row="208" Column="30"/><Then><Statement><StartPos FileId="F_29" Row="209" Column="16"/><EndPos FileId="F_29" Row="209" Column="55"/></Statement><Statement><StartPos FileId="F_29" Row="210" Column="26"/><EndPos FileId="F_29" Row="212" Column="56"/></Statement></Then><Else><Statement><StartPos FileId="F_29" Row="215" Column="16"/><EndPos FileId="F_29" Row="215" Column="49"/></Statement><Statement><StartPos FileId="F_29" Row="216" Column="26"/><EndPos FileId="F_29" Row="218" Column="56"/></Statement></Else></IfStatement></Then></IfStatement><ExitStatement><StartPos FileId="F_29" Row="222" Column="12"/><EndPos FileId="F_29" Row="222" Column="16"/></ExitStatement></Statements></Paragraph></Section></Sections></FlowChart>
