<FlowChart xmlns="http://www.EZL.com//FlowChart" xmlns:xsi="http://www.w3.org/2001/XMLSchema-instance" xsi:schemaLocation="FlowChart.xsd"><Files xmlns=""><File id="F_31" Name="C:\GitRepos\cics-genapp-main\base\src\lgucvs01.cbl"/><File id="F_4" Name="C:\GitRepos\cics-genapp-main\base\src\LGCMAREA.cpy"/></Files><Sections xmlns=""><Section Name="MAINLINE"><StartPos FileId="F_31" Row="64" Column="8"/><EndPos FileId="F_31" Row="64" Column="16"/><Paragraph id="P_138" Name="MAINLINE_FIRST_SENTENCES" FallThrough="2"><StartPos FileId="F_31" Row="64" Column="8"/><EndPos FileId="F_31" Row="64" Column="16"/><Statements><Statement><StartPos FileId="F_31" Row="67" Column="12"/><EndPos FileId="F_31" Row="67" Column="44"/></Statement><Statement><StartPos FileId="F_31" Row="69" Column="22"/><EndPos FileId="F_31" Row="75" Column="28"/></Statement><IfStatement><StartPos FileId="F_31" Row="77" Column="12"/><EndPos FileId="F_31" Row="77" Column="44"/><Then><Statement><StartPos FileId="F_31" Row="78" Column="14"/><EndPos FileId="F_31" Row="78" Column="39"/></Statement><Statement><StartPos FileId="F_31" Row="79" Column="14"/><EndPos FileId="F_31" Row="79" Column="41"/></Statement><FlowControlStatement><StartPos FileId="F_31" Row="80" Column="14"/><EndPos FileId="F_31" Row="80" Column="41"/><ParagraphRef IdRef="P_140"/></FlowControlStatement><Statement><StartPos FileId="F_31" Row="81" Column="24"/><EndPos FileId="F_31" Row="81" Column="51"/></Statement><Statement><StartPos FileId="F_31" Row="82" Column="24"/><EndPos FileId="F_31" Row="82" Column="30"/></Statement></Then></IfStatement><Statement><StartPos FileId="F_31" Row="85" Column="22"/><EndPos FileId="F_31" Row="88" Column="35"/></Statement><IfStatement><StartPos FileId="F_31" Row="90" Column="12"/><EndPos FileId="F_31" Row="90" Column="44"/><Then><Statement><StartPos FileId="F_31" Row="91" Column="14"/><EndPos FileId="F_31" Row="91" Column="39"/></Statement><Statement><StartPos FileId="F_31" Row="92" Column="14"/><EndPos FileId="F_31" Row="92" Column="41"/></Statement><FlowControlStatement><StartPos FileId="F_31" Row="93" Column="14"/><EndPos FileId="F_31" Row="93" Column="41"/><ParagraphRef IdRef="P_140"/></FlowControlStatement><Statement><StartPos FileId="F_31" Row="94" Column="24"/><EndPos FileId="F_31" Row="94" Column="51"/></Statement><Statement><StartPos FileId="F_31" Row="95" Column="24"/><EndPos FileId="F_31" Row="95" Column="30"/></Statement></Then></IfStatement></Statements></Paragraph><Paragraph id="P_139" Name="A-EXIT" FallThrough="0"><StartPos FileId="F_31" Row="100" Column="8"/><EndPos FileId="F_31" Row="100" Column="14"/><Statements><ExitStatement><StartPos FileId="F_31" Row="101" Column="12"/><EndPos FileId="F_31" Row="101" Column="16"/></ExitStatement><ExitStatement><StartPos FileId="F_31" Row="102" Column="12"/><EndPos FileId="F_31" Row="102" Column="18"/></ExitStatement></Statements></Paragraph><Paragraph id="P_140" Name="WRITE-ERROR-MESSAGE" FallThrough="0"><StartPos FileId="F_31" Row="104" Column="8"/><EndPos FileId="F_31" Row="104" Column="27"/><Statements><Statement><StartPos FileId="F_31" Row="105" Column="22"/><EndPos FileId="F_31" Row="105" Column="49"/></Statement><Statement><StartPos FileId="F_31" Row="107" Column="22"/><EndPos FileId="F_31" Row="109" Column="35"/></Statement><Statement><StartPos FileId="F_31" Row="112" Column="12"/><EndPos FileId="F_31" Row="112" Column="35"/></Statement><Statement><StartPos FileId="F_31" Row="113" Column="12"/><EndPos FileId="F_31" Row="113" Column="35"/></Statement><Statement><StartPos FileId="F_31" Row="114" Column="12"/><EndPos FileId="F_31" Row="114" Column="45"/></Statement><Statement><StartPos FileId="F_31" Row="115" Column="12"/><EndPos FileId="F_31" Row="115" Column="45"/></Statement><Statement><StartPos FileId="F_31" Row="116" Column="12"/><EndPos FileId="F_31" Row="116" Column="46"/></Statement><Statement><StartPos FileId="F_31" Row="117" Column="22"/><EndPos FileId="F_31" Row="119" Column="49"/></Statement><IfStatement><StartPos FileId="F_31" Row="121" Column="12"/><EndPos FileId="F_31" Row="121" Column="27"/><Then><IfStatement><StartPos FileId="F_31" Row="122" Column="14"/><EndPos FileId="F_31" Row="122" Column="30"/><Then><Statement><StartPos FileId="F_31" Row="123" Column="16"/><EndPos FileId="F_31" Row="123" Column="55"/></Statement><Statement><StartPos FileId="F_31" Row="124" Column="26"/><EndPos FileId="F_31" Row="126" Column="56"/></Statement></Then><Else><Statement><StartPos FileId="F_31" Row="129" Column="16"/><EndPos FileId="F_31" Row="129" Column="49"/></Statement><Statement><StartPos FileId="F_31" Row="130" Column="26"/><EndPos FileId="F_31" Row="132" Column="56"/></Statement></Else></IfStatement></Then></IfStatement><ExitStatement><StartPos FileId="F_31" Row="136" Column="12"/><EndPos FileId="F_31" Row="136" Column="16"/></ExitStatement></Statements></Paragraph></Section></Sections></FlowChart>
