<FlowChart xmlns="http://www.EZL.com//FlowChart" xmlns:xsi="http://www.w3.org/2001/XMLSchema-instance" xsi:schemaLocation="FlowChart.xsd"><Files xmlns=""><File id="F_35" Name="C:\GitRepos\cics-genapp-main\base\src\lgupvs01.cbl"/><File id="F_4" Name="C:\GitRepos\cics-genapp-main\base\src\LGCMAREA.cpy"/></Files><Sections xmlns=""><Section Name="MAINLINE"><StartPos FileId="F_35" Row="97" Column="8"/><EndPos FileId="F_35" Row="97" Column="16"/><Paragraph id="P_160" Name="MAINLINE_FIRST_SENTENCES" FallThrough="2"><StartPos FileId="F_35" Row="97" Column="8"/><EndPos FileId="F_35" Row="97" Column="16"/><Statements><Statement><StartPos FileId="F_35" Row="100" Column="12"/><EndPos FileId="F_35" Row="100" Column="44"/></Statement><Statement><StartPos FileId="F_35" Row="102" Column="12"/><EndPos FileId="F_35" Row="102" Column="52"/></Statement><Statement><StartPos FileId="F_35" Row="103" Column="12"/><EndPos FileId="F_35" Row="103" Column="52"/></Statement><Statement><StartPos FileId="F_35" Row="104" Column="12"/><EndPos FileId="F_35" Row="104" Column="54"/></Statement><SwitchState><StartPos FileId="F_35" Row="106" Column="12"/><EndPos FileId="F_35" Row="106" Column="20"/><Cases><Case><StartPos FileId="F_35" Row="108" Column="14"/><EndPos FileId="F_35" Row="108" Column="22"/><Statements><Statement><StartPos FileId="F_35" Row="109" Column="16"/><EndPos FileId="F_35" Row="109" Column="52"/></Statement><Statement><StartPos FileId="F_35" Row="110" Column="16"/><EndPos FileId="F_35" Row="110" Column="50"/></Statement><Statement><StartPos FileId="F_35" Row="111" Column="16"/><EndPos FileId="F_35" Row="111" Column="52"/></Statement></Statements></Case><Case><StartPos FileId="F_35" Row="113" Column="14"/><EndPos FileId="F_35" Row="113" Column="22"/><Statements><Statement><StartPos FileId="F_35" Row="114" Column="16"/><EndPos FileId="F_35" Row="114" Column="60"/></Statement><Statement><StartPos FileId="F_35" Row="115" Column="16"/><EndPos FileId="F_35" Row="115" Column="56"/></Statement><Statement><StartPos FileId="F_35" Row="116" Column="16"/><EndPos FileId="F_35" Row="116" Column="60"/></Statement><Statement><StartPos FileId="F_35" Row="117" Column="16"/><EndPos FileId="F_35" Row="117" Column="57"/></Statement><Statement><StartPos FileId="F_35" Row="118" Column="16"/><EndPos FileId="F_35" Row="118" Column="60"/></Statement></Statements></Case><Case><StartPos FileId="F_35" Row="120" Column="14"/><EndPos FileId="F_35" Row="120" Column="22"/><Statements><Statement><StartPos FileId="F_35" Row="121" Column="16"/><EndPos FileId="F_35" Row="121" Column="62"/></Statement><Statement><StartPos FileId="F_35" Row="122" Column="16"/><EndPos FileId="F_35" Row="122" Column="57"/></Statement><Statement><StartPos FileId="F_35" Row="123" Column="16"/><EndPos FileId="F_35" Row="123" Column="54"/></Statement><Statement><StartPos FileId="F_35" Row="124" Column="16"/><EndPos FileId="F_35" Row="124" Column="57"/></Statement><Statement><StartPos FileId="F_35" Row="125" Column="16"/><EndPos FileId="F_35" Row="125" Column="59"/></Statement></Statements></Case><Case><StartPos FileId="F_35" Row="127" Column="14"/><EndPos FileId="F_35" Row="127" Column="22"/><Statements><Statement><StartPos FileId="F_35" Row="128" Column="16"/><EndPos FileId="F_35" Row="128" Column="53"/></Statement><Statement><StartPos FileId="F_35" Row="129" Column="16"/><EndPos FileId="F_35" Row="129" Column="54"/></Statement><Statement><StartPos FileId="F_35" Row="130" Column="16"/><EndPos FileId="F_35" Row="130" Column="54"/></Statement><Statement><StartPos FileId="F_35" Row="131" Column="16"/><EndPos FileId="F_35" Row="131" Column="58"/></Statement></Statements></Case><Case IsOther="true"><StartPos FileId="F_35" Row="133" Column="19"/><EndPos FileId="F_35" Row="133" Column="32"/><Statements><Statement><StartPos FileId="F_35" Row="134" Column="16"/><EndPos FileId="F_35" Row="134" Column="45"/></Statement></Statements></Case></Cases></SwitchState><Statement><StartPos FileId="F_35" Row="137" Column="12"/><EndPos FileId="F_35" Row="137" Column="52"/></Statement><Statement><StartPos FileId="F_35" Row="139" Column="22"/><EndPos FileId="F_35" Row="145" Column="28"/></Statement><IfStatement><StartPos FileId="F_35" Row="147" Column="12"/><EndPos FileId="F_35" Row="147" Column="44"/><Then><Statement><StartPos FileId="F_35" Row="148" Column="14"/><EndPos FileId="F_35" Row="148" Column="39"/></Statement><Statement><StartPos FileId="F_35" Row="149" Column="14"/><EndPos FileId="F_35" Row="149" Column="41"/></Statement><FlowControlStatement><StartPos FileId="F_35" Row="150" Column="14"/><EndPos FileId="F_35" Row="150" Column="41"/><ParagraphRef IdRef="P_162"/></FlowControlStatement><Statement><StartPos FileId="F_35" Row="151" Column="24"/><EndPos FileId="F_35" Row="151" Column="51"/></Statement><Statement><StartPos FileId="F_35" Row="152" Column="24"/><EndPos FileId="F_35" Row="152" Column="30"/></Statement></Then></IfStatement><Statement><StartPos FileId="F_35" Row="155" Column="22"/><EndPos FileId="F_35" Row="158" Column="35"/></Statement><IfStatement><StartPos FileId="F_35" Row="160" Column="12"/><EndPos FileId="F_35" Row="160" Column="44"/><Then><Statement><StartPos FileId="F_35" Row="161" Column="14"/><EndPos FileId="F_35" Row="161" Column="39"/></Statement><Statement><StartPos FileId="F_35" Row="162" Column="14"/><EndPos FileId="F_35" Row="162" Column="41"/></Statement><FlowControlStatement><StartPos FileId="F_35" Row="163" Column="14"/><EndPos FileId="F_35" Row="163" Column="41"/><ParagraphRef IdRef="P_162"/></FlowControlStatement><Statement><StartPos FileId="F_35" Row="164" Column="24"/><EndPos FileId="F_35" Row="164" Column="51"/></Statement><Statement><StartPos FileId="F_35" Row="165" Column="24"/><EndPos FileId="F_35" Row="165" Column="30"/></Statement></Then></IfStatement></Statements></Paragraph><Paragraph id="P_161" Name="A-EXIT" FallThrough="0"><StartPos FileId="F_35" Row="170" Column="8"/><EndPos FileId="F_35" Row="170" Column="14"/><Statements><ExitStatement><StartPos FileId="F_35" Row="171" Column="12"/><EndPos FileId="F_35" Row="171" Column="16"/></ExitStatement><ExitStatement><StartPos FileId="F_35" Row="172" Column="12"/><EndPos FileId="F_35" Row="172" Column="18"/></ExitStatement></Statements></Paragraph><Paragraph id="P_162" Name="WRITE-ERROR-MESSAGE" FallThrough="0"><StartPos FileId="F_35" Row="174" Column="8"/><EndPos FileId="F_35" Row="174" Column="27"/><Statements><Statement><StartPos FileId="F_35" Row="175" Column="22"/><EndPos FileId="F_35" Row="175" Column="49"/></Statement><Statement><StartPos FileId="F_35" Row="177" Column="22"/><EndPos FileId="F_35" Row="179" Column="35"/></Statement><Statement><StartPos FileId="F_35" Row="182" Column="12"/><EndPos FileId="F_35" Row="182" Column="35"/></Statement><Statement><StartPos FileId="F_35" Row="183" Column="12"/><EndPos FileId="F_35" Row="183" Column="35"/></Statement><Statement><StartPos FileId="F_35" Row="184" Column="12"/><EndPos FileId="F_35" Row="184" Column="45"/></Statement><Statement><StartPos FileId="F_35" Row="185" Column="12"/><EndPos FileId="F_35" Row="185" Column="45"/></Statement><Statement><StartPos FileId="F_35" Row="186" Column="12"/><EndPos FileId="F_35" Row="186" Column="46"/></Statement><Statement><StartPos FileId="F_35" Row="187" Column="22"/><EndPos FileId="F_35" Row="189" Column="49"/></Statement><IfStatement><StartPos FileId="F_35" Row="191" Column="12"/><EndPos FileId="F_35" Row="191" Column="27"/><Then><IfStatement><StartPos FileId="F_35" Row="192" Column="14"/><EndPos FileId="F_35" Row="192" Column="30"/><Then><Statement><StartPos FileId="F_35" Row="193" Column="16"/><EndPos FileId="F_35" Row="193" Column="55"/></Statement><Statement><StartPos FileId="F_35" Row="194" Column="26"/><EndPos FileId="F_35" Row="196" Column="56"/></Statement></Then><Else><Statement><StartPos FileId="F_35" Row="199" Column="16"/><EndPos FileId="F_35" Row="199" Column="49"/></Statement><Statement><StartPos FileId="F_35" Row="200" Column="26"/><EndPos FileId="F_35" Row="202" Column="56"/></Statement></Else></IfStatement></Then></IfStatement><ExitStatement><StartPos FileId="F_35" Row="206" Column="12"/><EndPos FileId="F_35" Row="206" Column="16"/></ExitStatement></Statements></Paragraph></Section></Sections></FlowChart>
