<FlowChart xmlns="http://www.EZL.com//FlowChart" xmlns:xsi="http://www.w3.org/2001/XMLSchema-instance" xsi:schemaLocation="FlowChart.xsd"><Files xmlns=""><File id="F_32" Name="C:\GitRepos\cics-genapp-main\base\src\lgupol01.cbl"/><File id="F_4" Name="C:\GitRepos\cics-genapp-main\base\src\LGCMAREA.cpy"/></Files><Sections xmlns=""><Section Name="MAINLINE"><StartPos FileId="F_32" Row="83" Column="8"/><EndPos FileId="F_32" Row="83" Column="16"/><Paragraph id="P_141" Name="MAINLINE_FIRST_SENTENCES" FallThrough="2"><StartPos FileId="F_32" Row="83" Column="8"/><EndPos FileId="F_32" Row="83" Column="16"/><Statements><Statement><StartPos FileId="F_32" Row="89" Column="12"/><EndPos FileId="F_32" Row="89" Column="32"/></Statement><Statement><StartPos FileId="F_32" Row="91" Column="12"/><EndPos FileId="F_32" Row="91" Column="39"/></Statement><Statement><StartPos FileId="F_32" Row="92" Column="12"/><EndPos FileId="F_32" Row="92" Column="38"/></Statement><Statement><StartPos FileId="F_32" Row="93" Column="12"/><EndPos FileId="F_32" Row="93" Column="39"/></Statement><IfStatement><StartPos FileId="F_32" Row="99" Column="12"/><EndPos FileId="F_32" Row="99" Column="40"/><Then><Statement><StartPos FileId="F_32" Row="100" Column="16"/><EndPos FileId="F_32" Row="100" Column="59"/></Statement><FlowControlStatement><StartPos FileId="F_32" Row="101" Column="16"/><EndPos FileId="F_32" Row="101" Column="43"/><ParagraphRef IdRef="P_145"/></FlowControlStatement><Statement><StartPos FileId="F_32" Row="102" Column="26"/><EndPos FileId="F_32" Row="102" Column="53"/></Statement></Then></IfStatement><Statement><StartPos FileId="F_32" Row="105" Column="12"/><EndPos FileId="F_32" Row="105" Column="39"/></Statement><Statement><StartPos FileId="F_32" Row="106" Column="12"/><EndPos FileId="F_32" Row="106" Column="37"/></Statement><Statement><StartPos FileId="F_32" Row="107" Column="12"/><EndPos FileId="F_32" Row="107" Column="61"/></Statement><SwitchState><StartPos FileId="F_32" Row="113" Column="12"/><EndPos FileId="F_32" Row="113" Column="20"/><Cases><Case><StartPos FileId="F_32" Row="115" Column="14"/><EndPos FileId="F_32" Row="115" Column="27"/><Statements><Statement><StartPos FileId="F_32" Row="116" Column="16"/><EndPos FileId="F_32" Row="116" Column="59"/></Statement><Statement><StartPos FileId="F_32" Row="117" Column="16"/><EndPos FileId="F_32" Row="117" Column="59"/></Statement><IfStatement><StartPos FileId="F_32" Row="118" Column="16"/><EndPos FileId="F_32" Row="118" Column="59"/><Then><Statement><StartPos FileId="F_32" Row="119" Column="18"/><EndPos FileId="F_32" Row="119" Column="45"/></Statement><Statement><StartPos FileId="F_32" Row="120" Column="28"/><EndPos FileId="F_32" Row="120" Column="34"/></Statement></Then></IfStatement></Statements></Case><Case><StartPos FileId="F_32" Row="123" Column="14"/><EndPos FileId="F_32" Row="123" Column="27"/><Statements><Statement><StartPos FileId="F_32" Row="124" Column="16"/><EndPos FileId="F_32" Row="124" Column="59"/></Statement><Statement><StartPos FileId="F_32" Row="125" Column="16"/><EndPos FileId="F_32" Row="125" Column="59"/></Statement><IfStatement><StartPos FileId="F_32" Row="126" Column="16"/><EndPos FileId="F_32" Row="126" Column="59"/><Then><Statement><StartPos FileId="F_32" Row="127" Column="18"/><EndPos FileId="F_32" Row="127" Column="45"/></Statement><Statement><StartPos FileId="F_32" Row="128" Column="28"/><EndPos FileId="F_32" Row="128" Column="34"/></Statement></Then></IfStatement></Statements></Case><Case><StartPos FileId="F_32" Row="131" Column="14"/><EndPos FileId="F_32" Row="131" Column="27"/><Statements><Statement><StartPos FileId="F_32" Row="132" Column="16"/><EndPos FileId="F_32" Row="132" Column="59"/></Statement><Statement><StartPos FileId="F_32" Row="133" Column="16"/><EndPos FileId="F_32" Row="133" Column="59"/></Statement><IfStatement><StartPos FileId="F_32" Row="134" Column="16"/><EndPos FileId="F_32" Row="134" Column="59"/><Then><Statement><StartPos FileId="F_32" Row="135" Column="18"/><EndPos FileId="F_32" Row="135" Column="45"/></Statement><Statement><StartPos FileId="F_32" Row="136" Column="28"/><EndPos FileId="F_32" Row="136" Column="34"/></Statement></Then></IfStatement></Statements></Case><Case IsOther="true"><StartPos FileId="F_32" Row="139" Column="19"/><EndPos FileId="F_32" Row="139" Column="32"/><Statements><Statement><StartPos FileId="F_32" Row="140" Column="16"/><EndPos FileId="F_32" Row="140" Column="43"/></Statement></Statements></Case></Cases></SwitchState><FlowControlStatement><StartPos FileId="F_32" Row="143" Column="12"/><EndPos FileId="F_32" Row="143" Column="42"/><ParagraphRef IdRef="P_144"/></FlowControlStatement></Statements></Paragraph><Paragraph id="P_142" Name="END-PROGRAM" FallThrough="0"><StartPos FileId="F_32" Row="146" Column="8"/><EndPos FileId="F_32" Row="146" Column="19"/><Statements><Statement><StartPos FileId="F_32" Row="147" Column="22"/><EndPos FileId="F_32" Row="147" Column="28"/></Statement></Statements></Paragraph><Paragraph id="P_143" Name="MAINLINE-EXIT" FallThrough="0"><StartPos FileId="F_32" Row="149" Column="8"/><EndPos FileId="F_32" Row="149" Column="21"/><Statements><ExitStatement><StartPos FileId="F_32" Row="150" Column="12"/><EndPos FileId="F_32" Row="150" Column="16"/></ExitStatement></Statements></Paragraph><Paragraph id="P_144" Name="UPDATE-POLICY-DB2-INFO" FallThrough="0"><StartPos FileId="F_32" Row="155" Column="8"/><EndPos FileId="F_32" Row="155" Column="30"/><Statements><Statement><StartPos FileId="F_32" Row="157" Column="22"/><EndPos FileId="F_32" Row="159" Column="30"/></Statement><ExitStatement><StartPos FileId="F_32" Row="162" Column="12"/><EndPos FileId="F_32" Row="162" Column="16"/></ExitStatement></Statements></Paragraph><Paragraph id="P_145" Name="WRITE-ERROR-MESSAGE" FallThrough="0"><StartPos FileId="F_32" Row="169" Column="8"/><EndPos FileId="F_32" Row="169" Column="27"/><Statements><Statement><StartPos FileId="F_32" Row="172" Column="22"/><EndPos FileId="F_32" Row="172" Column="49"/></Statement><Statement><StartPos FileId="F_32" Row="174" Column="22"/><EndPos FileId="F_32" Row="176" Column="35"/></Statement><Statement><StartPos FileId="F_32" Row="178" Column="12"/><EndPos FileId="F_32" Row="178" Column="35"/></Statement><Statement><StartPos FileId="F_32" Row="179" Column="12"/><EndPos FileId="F_32" Row="179" Column="35"/></Statement><Statement><StartPos FileId="F_32" Row="181" Column="22"/><EndPos FileId="F_32" Row="183" Column="49"/></Statement><IfStatement><StartPos FileId="F_32" Row="186" Column="12"/><EndPos FileId="F_32" Row="186" Column="27"/><Then><IfStatement><StartPos FileId="F_32" Row="187" Column="14"/><EndPos FileId="F_32" Row="187" Column="30"/><Then><Statement><StartPos FileId="F_32" Row="188" Column="16"/><EndPos FileId="F_32" Row="188" Column="55"/></Statement><Statement><StartPos FileId="F_32" Row="189" Column="26"/><EndPos FileId="F_32" Row="191" Column="56"/></Statement></Then><Else><Statement><StartPos FileId="F_32" Row="194" Column="16"/><EndPos FileId="F_32" Row="194" Column="49"/></Statement><Statement><StartPos FileId="F_32" Row="195" Column="26"/><EndPos FileId="F_32" Row="197" Column="56"/></Statement></Else></IfStatement></Then></IfStatement><ExitStatement><StartPos FileId="F_32" Row="201" Column="12"/><EndPos FileId="F_32" Row="201" Column="16"/></ExitStatement></Statements></Paragraph></Section></Sections></FlowChart>
