<FlowChart xmlns="http://www.EZL.com//FlowChart" xmlns:xsi="http://www.w3.org/2001/XMLSchema-instance" xsi:schemaLocation="FlowChart.xsd"><Files xmlns=""><File id="F_33" Name="C:\GitRepos\cics-genapp-main\base\src\lgupdb01.cbl"/><File id="F_2" Name="C:\GitRepos\cics-genapp-main\base\src\LGPOLICY.cpy"/><File id="F_4" Name="C:\GitRepos\cics-genapp-main\base\src\LGCMAREA.cpy"/></Files><Sections xmlns=""><Section Name="MAINLINE"><StartPos FileId="F_33" Row="162" Column="8"/><EndPos FileId="F_33" Row="162" Column="16"/><Paragraph id="P_146" Name="MAINLINE_FIRST_SENTENCES" FallThrough="1"><StartPos FileId="F_33" Row="162" Column="8"/><EndPos FileId="F_33" Row="162" Column="16"/><Statements><Statement><StartPos FileId="F_33" Row="168" Column="12"/><EndPos FileId="F_33" Row="168" Column="32"/></Statement><Statement><StartPos FileId="F_33" Row="170" Column="12"/><EndPos FileId="F_33" Row="170" Column="39"/></Statement><Statement><StartPos FileId="F_33" Row="171" Column="12"/><EndPos FileId="F_33" Row="171" Column="38"/></Statement><Statement><StartPos FileId="F_33" Row="172" Column="12"/><EndPos FileId="F_33" Row="172" Column="39"/></Statement><Statement><StartPos FileId="F_33" Row="173" Column="12"/><EndPos FileId="F_33" Row="173" Column="37"/></Statement><Statement><StartPos FileId="F_33" Row="176" Column="12"/><EndPos FileId="F_33" Row="176" Column="33"/></Statement><Statement><StartPos FileId="F_33" Row="177" Column="12"/><EndPos FileId="F_33" Row="177" Column="38"/></Statement><IfStatement><StartPos FileId="F_33" Row="183" Column="12"/><EndPos FileId="F_33" Row="183" Column="40"/><Then><Statement><StartPos FileId="F_33" Row="184" Column="16"/><EndPos FileId="F_33" Row="184" Column="59"/></Statement><FlowControlStatement><StartPos FileId="F_33" Row="185" Column="16"/><EndPos FileId="F_33" Row="185" Column="43"/><ParagraphRef IdRef="P_155"/></FlowControlStatement><Statement><StartPos FileId="F_33" Row="186" Column="26"/><EndPos FileId="F_33" Row="186" Column="53"/></Statement></Then></IfStatement><Statement><StartPos FileId="F_33" Row="190" Column="12"/><EndPos FileId="F_33" Row="190" Column="39"/></Statement><Statement><StartPos FileId="F_33" Row="191" Column="12"/><EndPos FileId="F_33" Row="191" Column="37"/></Statement><Statement><StartPos FileId="F_33" Row="192" Column="12"/><EndPos FileId="F_33" Row="192" Column="61"/></Statement><Statement><StartPos FileId="F_33" Row="195" Column="12"/><EndPos FileId="F_33" Row="195" Column="55"/></Statement><Statement><StartPos FileId="F_33" Row="196" Column="12"/><EndPos FileId="F_33" Row="196" Column="53"/></Statement><Statement><StartPos FileId="F_33" Row="198" Column="12"/><EndPos FileId="F_33" Row="198" Column="45"/></Statement><Statement><StartPos FileId="F_33" Row="199" Column="12"/><EndPos FileId="F_33" Row="199" Column="45"/></Statement><FlowControlStatement><StartPos FileId="F_33" Row="207" Column="12"/><EndPos FileId="F_33" Row="207" Column="42"/><ParagraphRef IdRef="P_150"/></FlowControlStatement><Statement><StartPos FileId="F_33" Row="209" Column="22"/><EndPos FileId="F_33" Row="211" Column="28"/></Statement></Statements></Paragraph><Paragraph id="P_147" Name="END-PROGRAM" FallThrough="0"><StartPos FileId="F_33" Row="215" Column="8"/><EndPos FileId="F_33" Row="215" Column="19"/><Statements><Statement><StartPos FileId="F_33" Row="216" Column="22"/><EndPos FileId="F_33" Row="216" Column="28"/></Statement></Statements></Paragraph><Paragraph id="P_148" Name="MAINLINE-EXIT" FallThrough="0"><StartPos FileId="F_33" Row="218" Column="8"/><EndPos FileId="F_33" Row="218" Column="21"/><Statements><ExitStatement><StartPos FileId="F_33" Row="219" Column="12"/><EndPos FileId="F_33" Row="219" Column="16"/></ExitStatement></Statements></Paragraph><Paragraph id="P_149" Name="FETCH-DB2-POLICY-ROW" FallThrough="0"><StartPos FileId="F_33" Row="228" Column="8"/><EndPos FileId="F_33" Row="228" Column="28"/><Statements><Statement><StartPos FileId="F_33" Row="229" Column="12"/><EndPos FileId="F_33" Row="229" Column="46"/></Statement><Statement><StartPos FileId="F_33" Row="231" Column="12"/><EndPos FileId="F_33" Row="237" Column="62"/></Statement><ExitStatement><StartPos FileId="F_33" Row="239" Column="12"/><EndPos FileId="F_33" Row="239" Column="16"/></ExitStatement></Statements></Paragraph><Paragraph id="P_150" Name="UPDATE-POLICY-DB2-INFO" FallThrough="0"><StartPos FileId="F_33" Row="251" Column="8"/><EndPos FileId="F_33" Row="251" Column="30"/><Statements><Statement><StartPos FileId="F_33" Row="254" Column="12"/><EndPos FileId="F_33" Row="254" Column="48"/></Statement><Statement><StartPos FileId="F_33" Row="256" Column="12"/><EndPos FileId="F_33" Row="256" Column="32"/></Statement><SwitchState><StartPos FileId="F_33" Row="259" Column="12"/><EndPos FileId="F_33" Row="259" Column="20"/><Cases><Case><StartPos FileId="F_33" Row="260" Column="14"/><EndPos FileId="F_33" Row="260" Column="20"/><Statements><Statement><StartPos FileId="F_33" Row="261" Column="16"/><EndPos FileId="F_33" Row="261" Column="43"/></Statement></Statements></Case><Case><StartPos FileId="F_33" Row="262" Column="14"/><EndPos FileId="F_33" Row="262" Column="23"/><Statements><Statement><StartPos FileId="F_33" Row="263" Column="16"/><EndPos FileId="F_33" Row="263" Column="43"/></Statement><FlowControlStatement><StartPos FileId="F_33" Row="264" Column="16"/><EndPos FileId="F_33" Row="264" Column="43"/><ParagraphRef IdRef="P_155"/></FlowControlStatement><Statement><StartPos FileId="F_33" Row="265" Column="26"/><EndPos FileId="F_33" Row="265" Column="32"/></Statement></Statements></Case><Case IsOther="true"><StartPos FileId="F_33" Row="266" Column="19"/><EndPos FileId="F_33" Row="266" Column="32"/><Statements><Statement><StartPos FileId="F_33" Row="267" Column="16"/><EndPos FileId="F_33" Row="267" Column="43"/></Statement><FlowControlStatement><StartPos FileId="F_33" Row="268" Column="16"/><EndPos FileId="F_33" Row="268" Column="43"/><ParagraphRef IdRef="P_155"/></FlowControlStatement><Statement><StartPos FileId="F_33" Row="269" Column="26"/><EndPos FileId="F_33" Row="269" Column="32"/></Statement></Statements></Case></Cases></SwitchState><FlowControlStatement><StartPos FileId="F_33" Row="273" Column="12"/><EndPos FileId="F_33" Row="273" Column="40"/><ParagraphRef IdRef="P_149"/></FlowControlStatement><IfStatement><StartPos FileId="F_33" Row="275" Column="12"/><EndPos FileId="F_33" Row="275" Column="26"/><Then><IfStatement><StartPos FileId="F_33" Row="278" Column="14"/><EndPos FileId="F_33" Row="278" Column="56"/><Then><SwitchState><StartPos FileId="F_33" Row="283" Column="14"/><EndPos FileId="F_33" Row="283" Column="22"/><Cases><Case><StartPos FileId="F_33" Row="286" Column="16"/><EndPos FileId="F_33" Row="286" Column="29"/><Statements><FlowControlStatement><StartPos FileId="F_33" Row="288" Column="18"/><EndPos FileId="F_33" Row="288" Column="47"/><ParagraphRef IdRef="P_152"/></FlowControlStatement></Statements></Case><Case><StartPos FileId="F_33" Row="291" Column="16"/><EndPos FileId="F_33" Row="291" Column="29"/><Statements><FlowControlStatement><StartPos FileId="F_33" Row="293" Column="18"/><EndPos FileId="F_33" Row="293" Column="47"/><ParagraphRef IdRef="P_153"/></FlowControlStatement></Statements></Case><Case><StartPos FileId="F_33" Row="296" Column="16"/><EndPos FileId="F_33" Row="296" Column="29"/><Statements><FlowControlStatement><StartPos FileId="F_33" Row="298" Column="18"/><EndPos FileId="F_33" Row="298" Column="47"/><ParagraphRef IdRef="P_154"/></FlowControlStatement></Statements></Case></Cases></SwitchState><IfStatement><StartPos FileId="F_33" Row="302" Column="15"/><EndPos FileId="F_33" Row="302" Column="47"/><Then><FlowControlStatement><StartPos FileId="F_33" Row="305" Column="17"/><EndPos FileId="F_33" Row="305" Column="38"/><ParagraphRef IdRef="P_151"/></FlowControlStatement><Statement><StartPos FileId="F_33" Row="306" Column="27"/><EndPos FileId="F_33" Row="306" Column="33"/></Statement></Then></IfStatement><Statement><StartPos FileId="F_33" Row="313" Column="16"/><EndPos FileId="F_33" Row="313" Column="57"/></Statement><Statement><StartPos FileId="F_33" Row="314" Column="16"/><EndPos FileId="F_33" Row="314" Column="56"/></Statement><Statement><StartPos FileId="F_33" Row="317" Column="16"/><EndPos FileId="F_33" Row="317" Column="52"/></Statement><Statement><StartPos FileId="F_33" Row="319" Column="16"/><EndPos FileId="F_33" Row="325" Column="62"/></Statement><Statement><StartPos FileId="F_33" Row="330" Column="16"/><EndPos FileId="F_33" Row="333" Column="59"/></Statement><IfStatement><StartPos FileId="F_33" Row="336" Column="16"/><EndPos FileId="F_33" Row="338" Column="29"/><Then><Statement><StartPos FileId="F_33" Row="338" Column="30"/><EndPos FileId="F_33" Row="338" Column="48"/></Statement><Statement><StartPos FileId="F_33" Row="339" Column="20"/><EndPos FileId="F_33" Row="339" Column="47"/></Statement><FlowControlStatement><StartPos FileId="F_33" Row="341" Column="20"/><EndPos FileId="F_33" Row="341" Column="47"/><ParagraphRef IdRef="P_155"/></FlowControlStatement></Then></IfStatement></Then><Else><Statement><StartPos FileId="F_33" Row="346" Column="16"/><EndPos FileId="F_33" Row="346" Column="43"/></Statement></Else></IfStatement></Then><Else><IfStatement><StartPos FileId="F_33" Row="351" Column="14"/><EndPos FileId="F_33" Row="351" Column="34"/><Then><Statement><StartPos FileId="F_33" Row="352" Column="16"/><EndPos FileId="F_33" Row="352" Column="43"/></Statement></Then><Else><Statement><StartPos FileId="F_33" Row="354" Column="16"/><EndPos FileId="F_33" Row="354" Column="43"/></Statement><FlowControlStatement><StartPos FileId="F_33" Row="356" Column="16"/><EndPos FileId="F_33" Row="356" Column="43"/><ParagraphRef IdRef="P_155"/></FlowControlStatement></Else></IfStatement></Else></IfStatement><FlowControlStatement><StartPos FileId="F_33" Row="360" Column="12"/><EndPos FileId="F_33" Row="360" Column="33"/><ParagraphRef IdRef="P_151"/></FlowControlStatement></Statements></Paragraph><Paragraph id="P_151" Name="CLOSE-PCURSOR" FallThrough="0"><StartPos FileId="F_33" Row="362" Column="8"/><EndPos FileId="F_33" Row="362" Column="21"/><Statements><Statement><StartPos FileId="F_33" Row="364" Column="12"/><EndPos FileId="F_33" Row="364" Column="47"/></Statement><Statement><StartPos FileId="F_33" Row="366" Column="12"/><EndPos FileId="F_33" Row="366" Column="33"/></Statement><SwitchState><StartPos FileId="F_33" Row="369" Column="12"/><EndPos FileId="F_33" Row="369" Column="20"/><Cases><Case><StartPos FileId="F_33" Row="370" Column="14"/><EndPos FileId="F_33" Row="370" Column="20"/><Statements><Statement><StartPos FileId="F_33" Row="371" Column="16"/><EndPos FileId="F_33" Row="371" Column="43"/></Statement></Statements></Case><Case><StartPos FileId="F_33" Row="372" Column="14"/><EndPos FileId="F_33" Row="372" Column="23"/><Statements><Statement><StartPos FileId="F_33" Row="373" Column="16"/><EndPos FileId="F_33" Row="373" Column="43"/></Statement><Statement><StartPos FileId="F_33" Row="374" Column="16"/><EndPos FileId="F_33" Row="374" Column="51"/></Statement><Statement><StartPos FileId="F_33" Row="375" Column="26"/><EndPos FileId="F_33" Row="375" Column="32"/></Statement></Statements></Case><Case IsOther="true"><StartPos FileId="F_33" Row="376" Column="19"/><EndPos FileId="F_33" Row="376" Column="32"/><Statements><Statement><StartPos FileId="F_33" Row="377" Column="16"/><EndPos FileId="F_33" Row="377" Column="43"/></Statement><FlowControlStatement><StartPos FileId="F_33" Row="378" Column="16"/><EndPos FileId="F_33" Row="378" Column="43"/><ParagraphRef IdRef="P_155"/></FlowControlStatement><Statement><StartPos FileId="F_33" Row="379" Column="26"/><EndPos FileId="F_33" Row="379" Column="32"/></Statement></Statements></Case></Cases></SwitchState><ExitStatement><StartPos FileId="F_33" Row="381" Column="12"/><EndPos FileId="F_33" Row="381" Column="16"/></ExitStatement></Statements></Paragraph><Paragraph id="P_152" Name="UPDATE-ENDOW-DB2-INFO" FallThrough="0"><StartPos FileId="F_33" Row="387" Column="8"/><EndPos FileId="F_33" Row="387" Column="29"/><Statements><Statement><StartPos FileId="F_33" Row="390" Column="12"/><EndPos FileId="F_33" Row="390" Column="52"/></Statement><Statement><StartPos FileId="F_33" Row="391" Column="12"/><EndPos FileId="F_33" Row="391" Column="57"/></Statement><Statement><StartPos FileId="F_33" Row="393" Column="12"/><EndPos FileId="F_33" Row="393" Column="46"/></Statement><Statement><StartPos FileId="F_33" Row="395" Column="12"/><EndPos FileId="F_33" Row="405" Column="56"/></Statement><IfStatement><StartPos FileId="F_33" Row="408" Column="12"/><EndPos FileId="F_33" Row="408" Column="34"/><Then><IfStatement><StartPos FileId="F_33" Row="410" Column="14"/><EndPos FileId="F_33" Row="410" Column="34"/><Then><Statement><StartPos FileId="F_33" Row="411" Column="16"/><EndPos FileId="F_33" Row="411" Column="43"/></Statement></Then><Else><Statement><StartPos FileId="F_33" Row="413" Column="16"/><EndPos FileId="F_33" Row="413" Column="43"/></Statement><FlowControlStatement><StartPos FileId="F_33" Row="415" Column="16"/><EndPos FileId="F_33" Row="415" Column="43"/><ParagraphRef IdRef="P_155"/></FlowControlStatement></Else></IfStatement></Then></IfStatement><ExitStatement><StartPos FileId="F_33" Row="418" Column="12"/><EndPos FileId="F_33" Row="418" Column="16"/></ExitStatement></Statements></Paragraph><Paragraph id="P_153" Name="UPDATE-HOUSE-DB2-INFO" FallThrough="0"><StartPos FileId="F_33" Row="424" Column="8"/><EndPos FileId="F_33" Row="424" Column="29"/><Statements><Statement><StartPos FileId="F_33" Row="427" Column="12"/><EndPos FileId="F_33" Row="427" Column="56"/></Statement><Statement><StartPos FileId="F_33" Row="428" Column="12"/><EndPos FileId="F_33" Row="428" Column="52"/></Statement><Statement><StartPos FileId="F_33" Row="430" Column="12"/><EndPos FileId="F_33" Row="430" Column="46"/></Statement><Statement><StartPos FileId="F_33" Row="432" Column="12"/><EndPos FileId="F_33" Row="441" Column="57"/></Statement><IfStatement><StartPos FileId="F_33" Row="444" Column="12"/><EndPos FileId="F_33" Row="444" Column="34"/><Then><IfStatement><StartPos FileId="F_33" Row="446" Column="14"/><EndPos FileId="F_33" Row="446" Column="30"/><Then><Statement><StartPos FileId="F_33" Row="447" Column="16"/><EndPos FileId="F_33" Row="447" Column="43"/></Statement></Then><Else><Statement><StartPos FileId="F_33" Row="449" Column="16"/><EndPos FileId="F_33" Row="449" Column="43"/></Statement><FlowControlStatement><StartPos FileId="F_33" Row="451" Column="16"/><EndPos FileId="F_33" Row="451" Column="43"/><ParagraphRef IdRef="P_155"/></FlowControlStatement></Else></IfStatement></Then></IfStatement><ExitStatement><StartPos FileId="F_33" Row="454" Column="12"/><EndPos FileId="F_33" Row="454" Column="16"/></ExitStatement></Statements></Paragraph><Paragraph id="P_154" Name="UPDATE-MOTOR-DB2-INFO" FallThrough="0"><StartPos FileId="F_33" Row="460" Column="8"/><EndPos FileId="F_33" Row="460" Column="29"/><Statements><Statement><StartPos FileId="F_33" Row="463" Column="12"/><EndPos FileId="F_33" Row="463" Column="50"/></Statement><Statement><StartPos FileId="F_33" Row="464" Column="12"/><EndPos FileId="F_33" Row="464" Column="52"/></Statement><Statement><StartPos FileId="F_33" Row="465" Column="12"/><EndPos FileId="F_33" Row="465" Column="54"/></Statement><Statement><StartPos FileId="F_33" Row="466" Column="12"/><EndPos FileId="F_33" Row="466" Column="56"/></Statement><Statement><StartPos FileId="F_33" Row="468" Column="12"/><EndPos FileId="F_33" Row="468" Column="46"/></Statement><Statement><StartPos FileId="F_33" Row="470" Column="12"/><EndPos FileId="F_33" Row="482" Column="61"/></Statement><IfStatement><StartPos FileId="F_33" Row="485" Column="12"/><EndPos FileId="F_33" Row="485" Column="34"/><Then><IfStatement><StartPos FileId="F_33" Row="487" Column="14"/><EndPos FileId="F_33" Row="487" Column="34"/><Then><Statement><StartPos FileId="F_33" Row="488" Column="16"/><EndPos FileId="F_33" Row="488" Column="43"/></Statement></Then><Else><Statement><StartPos FileId="F_33" Row="490" Column="16"/><EndPos FileId="F_33" Row="490" Column="43"/></Statement><FlowControlStatement><StartPos FileId="F_33" Row="492" Column="16"/><EndPos FileId="F_33" Row="492" Column="43"/><ParagraphRef IdRef="P_155"/></FlowControlStatement></Else></IfStatement></Then></IfStatement><ExitStatement><StartPos FileId="F_33" Row="495" Column="12"/><EndPos FileId="F_33" Row="495" Column="16"/></ExitStatement></Statements></Paragraph><Paragraph id="P_155" Name="WRITE-ERROR-MESSAGE" FallThrough="0"><StartPos FileId="F_33" Row="502" Column="8"/><EndPos FileId="F_33" Row="502" Column="27"/><Statements><Statement><StartPos FileId="F_33" Row="504" Column="12"/><EndPos FileId="F_33" Row="504" Column="36"/></Statement><Statement><StartPos FileId="F_33" Row="506" Column="22"/><EndPos FileId="F_33" Row="506" Column="49"/></Statement><Statement><StartPos FileId="F_33" Row="508" Column="22"/><EndPos FileId="F_33" Row="510" Column="35"/></Statement><Statement><StartPos FileId="F_33" Row="512" Column="12"/><EndPos FileId="F_33" Row="512" Column="35"/></Statement><Statement><StartPos FileId="F_33" Row="513" Column="12"/><EndPos FileId="F_33" Row="513" Column="35"/></Statement><Statement><StartPos FileId="F_33" Row="515" Column="22"/><EndPos FileId="F_33" Row="517" Column="49"/></Statement><IfStatement><StartPos FileId="F_33" Row="520" Column="12"/><EndPos FileId="F_33" Row="520" Column="27"/><Then><IfStatement><StartPos FileId="F_33" Row="521" Column="14"/><EndPos FileId="F_33" Row="521" Column="30"/><Then><Statement><StartPos FileId="F_33" Row="522" Column="16"/><EndPos FileId="F_33" Row="522" Column="55"/></Statement><Statement><StartPos FileId="F_33" Row="523" Column="26"/><EndPos FileId="F_33" Row="525" Column="56"/></Statement></Then><Else><Statement><StartPos FileId="F_33" Row="528" Column="16"/><EndPos FileId="F_33" Row="528" Column="49"/></Statement><Statement><StartPos FileId="F_33" Row="529" Column="26"/><EndPos FileId="F_33" Row="531" Column="56"/></Statement></Else></IfStatement></Then></IfStatement><ExitStatement><StartPos FileId="F_33" Row="535" Column="12"/><EndPos FileId="F_33" Row="535" Column="16"/></ExitStatement></Statements></Paragraph></Section></Sections></FlowChart>
