<FlowChart xmlns="http://www.EZL.com//FlowChart" xmlns:xsi="http://www.w3.org/2001/XMLSchema-instance" xsi:schemaLocation="FlowChart.xsd"><Files xmlns=""><File id="F_34" Name="C:\GitRepos\cics-genapp-main\base\src\lgwebst5.cbl"/></Files><Sections xmlns=""><Section Name="MAINLINE"><StartPos FileId="F_34" Row="250" Column="8"/><EndPos FileId="F_34" Row="250" Column="16"/><Paragraph id="P_156" Name="MAINLINE_FIRST_SENTENCES" FallThrough="0"><StartPos FileId="F_34" Row="250" Column="8"/><EndPos FileId="F_34" Row="250" Column="16"/><Statements><Statement><StartPos FileId="F_34" Row="252" Column="12"/><EndPos FileId="F_34" Row="252" Column="32"/></Statement><Statement><StartPos FileId="F_34" Row="254" Column="12"/><EndPos FileId="F_34" Row="254" Column="39"/></Statement><Statement><StartPos FileId="F_34" Row="255" Column="12"/><EndPos FileId="F_34" Row="255" Column="38"/></Statement><Statement><StartPos FileId="F_34" Row="256" Column="12"/><EndPos FileId="F_34" Row="256" Column="39"/></Statement><Statement><StartPos FileId="F_34" Row="257" Column="12"/><EndPos FileId="F_34" Row="257" Column="37"/></Statement><Statement><StartPos FileId="F_34" Row="259" Column="12"/><EndPos FileId="F_34" Row="259" Column="34"/></Statement><Statement><StartPos FileId="F_34" Row="260" Column="22"/><EndPos FileId="F_34" Row="260" Column="49"/></Statement><Statement><StartPos FileId="F_34" Row="262" Column="22"/><EndPos FileId="F_34" Row="264" Column="35"/></Statement><FlowControlStatement><StartPos FileId="F_34" Row="266" Column="12"/><EndPos FileId="F_34" Row="266" Column="38"/><ParagraphRef IdRef="P_158"/></FlowControlStatement><Statement><StartPos FileId="F_34" Row="268" Column="22"/><EndPos FileId="F_34" Row="271" Column="42"/></Statement><Statement><StartPos FileId="F_34" Row="273" Column="12"/><EndPos FileId="F_34" Row="273" Column="41"/></Statement><Statement><StartPos FileId="F_34" Row="274" Column="12"/><EndPos FileId="F_34" Row="274" Column="35"/></Statement><Statement><StartPos FileId="F_34" Row="275" Column="12"/><EndPos FileId="F_34" Row="277" Column="34"/></Statement><Statement><StartPos FileId="F_34" Row="278" Column="12"/><EndPos FileId="F_34" Row="278" Column="41"/></Statement><FlowControlStatement><StartPos FileId="F_34" Row="279" Column="12"/><EndPos FileId="F_34" Row="279" Column="36"/><ParagraphRef IdRef="P_159"/></FlowControlStatement><Statement><StartPos FileId="F_34" Row="281" Column="22"/><EndPos FileId="F_34" Row="284" Column="42"/></Statement><Statement><StartPos FileId="F_34" Row="286" Column="12"/><EndPos FileId="F_34" Row="286" Column="42"/></Statement><Statement><StartPos FileId="F_34" Row="287" Column="12"/><EndPos FileId="F_34" Row="287" Column="38"/></Statement><Statement><StartPos FileId="F_34" Row="288" Column="12"/><EndPos FileId="F_34" Row="288" Column="42"/></Statement><Statement><StartPos FileId="F_34" Row="289" Column="12"/><EndPos FileId="F_34" Row="289" Column="35"/></Statement><Statement><StartPos FileId="F_34" Row="290" Column="12"/><EndPos FileId="F_34" Row="292" Column="34"/></Statement><Statement><StartPos FileId="F_34" Row="293" Column="12"/><EndPos FileId="F_34" Row="293" Column="41"/></Statement><FlowControlStatement><StartPos FileId="F_34" Row="294" Column="12"/><EndPos FileId="F_34" Row="294" Column="36"/><ParagraphRef IdRef="P_159"/></FlowControlStatement><Statement><StartPos FileId="F_34" Row="296" Column="22"/><EndPos FileId="F_34" Row="299" Column="42"/></Statement><Statement><StartPos FileId="F_34" Row="301" Column="12"/><EndPos FileId="F_34" Row="301" Column="41"/></Statement><Statement><StartPos FileId="F_34" Row="302" Column="12"/><EndPos FileId="F_34" Row="302" Column="42"/></Statement><Statement><StartPos FileId="F_34" Row="303" Column="12"/><EndPos FileId="F_34" Row="303" Column="35"/></Statement><Statement><StartPos FileId="F_34" Row="304" Column="22"/><EndPos FileId="F_34" Row="307" Column="42"/></Statement><Statement><StartPos FileId="F_34" Row="309" Column="12"/><EndPos FileId="F_34" Row="309" Column="58"/></Statement><Statement><StartPos FileId="F_34" Row="310" Column="12"/><EndPos FileId="F_34" Row="310" Column="38"/></Statement><Statement><StartPos FileId="F_34" Row="311" Column="12"/><EndPos FileId="F_34" Row="311" Column="42"/></Statement><Statement><StartPos FileId="F_34" Row="312" Column="12"/><EndPos FileId="F_34" Row="312" Column="35"/></Statement><Statement><StartPos FileId="F_34" Row="313" Column="12"/><EndPos FileId="F_34" Row="315" Column="34"/></Statement><Statement><StartPos FileId="F_34" Row="316" Column="12"/><EndPos FileId="F_34" Row="316" Column="41"/></Statement><FlowControlStatement><StartPos FileId="F_34" Row="317" Column="12"/><EndPos FileId="F_34" Row="317" Column="36"/><ParagraphRef IdRef="P_159"/></FlowControlStatement><Statement><StartPos FileId="F_34" Row="318" Column="22"/><EndPos FileId="F_34" Row="321" Column="42"/></Statement><Statement><StartPos FileId="F_34" Row="323" Column="12"/><EndPos FileId="F_34" Row="323" Column="57"/></Statement><Statement><StartPos FileId="F_34" Row="324" Column="12"/><EndPos FileId="F_34" Row="324" Column="42"/></Statement><Statement><StartPos FileId="F_34" Row="325" Column="12"/><EndPos FileId="F_34" Row="325" Column="35"/></Statement><Statement><StartPos FileId="F_34" Row="327" Column="22"/><EndPos FileId="F_34" Row="330" Column="42"/></Statement><Statement><StartPos FileId="F_34" Row="332" Column="12"/><EndPos FileId="F_34" Row="332" Column="58"/></Statement><Statement><StartPos FileId="F_34" Row="333" Column="12"/><EndPos FileId="F_34" Row="333" Column="42"/></Statement><Statement><StartPos FileId="F_34" Row="334" Column="12"/><EndPos FileId="F_34" Row="334" Column="50"/></Statement><Statement><StartPos FileId="F_34" Row="335" Column="12"/><EndPos FileId="F_34" Row="335" Column="35"/></Statement><Statement><StartPos FileId="F_34" Row="336" Column="12"/><EndPos FileId="F_34" Row="338" Column="34"/></Statement><Statement><StartPos FileId="F_34" Row="339" Column="12"/><EndPos FileId="F_34" Row="339" Column="41"/></Statement><FlowControlStatement><StartPos FileId="F_34" Row="340" Column="12"/><EndPos FileId="F_34" Row="340" Column="36"/><ParagraphRef IdRef="P_159"/></FlowControlStatement><Statement><StartPos FileId="F_34" Row="341" Column="22"/><EndPos FileId="F_34" Row="344" Column="42"/></Statement><Statement><StartPos FileId="F_34" Row="346" Column="12"/><EndPos FileId="F_34" Row="346" Column="57"/></Statement><Statement><StartPos FileId="F_34" Row="347" Column="12"/><EndPos FileId="F_34" Row="347" Column="42"/></Statement><Statement><StartPos FileId="F_34" Row="348" Column="12"/><EndPos FileId="F_34" Row="348" Column="35"/></Statement><Statement><StartPos FileId="F_34" Row="349" Column="22"/><EndPos FileId="F_34" Row="352" Column="42"/></Statement><Statement><StartPos FileId="F_34" Row="354" Column="12"/><EndPos FileId="F_34" Row="354" Column="58"/></Statement><Statement><StartPos FileId="F_34" Row="355" Column="12"/><EndPos FileId="F_34" Row="355" Column="42"/></Statement><Statement><StartPos FileId="F_34" Row="356" Column="12"/><EndPos FileId="F_34" Row="356" Column="50"/></Statement><Statement><StartPos FileId="F_34" Row="357" Column="12"/><EndPos FileId="F_34" Row="357" Column="35"/></Statement><Statement><StartPos FileId="F_34" Row="358" Column="12"/><EndPos FileId="F_34" Row="360" Column="34"/></Statement><Statement><StartPos FileId="F_34" Row="361" Column="12"/><EndPos FileId="F_34" Row="361" Column="41"/></Statement><FlowControlStatement><StartPos FileId="F_34" Row="362" Column="12"/><EndPos FileId="F_34" Row="362" Column="36"/><ParagraphRef IdRef="P_159"/></FlowControlStatement><Statement><StartPos FileId="F_34" Row="363" Column="22"/><EndPos FileId="F_34" Row="366" Column="42"/></Statement><Statement><StartPos FileId="F_34" Row="368" Column="12"/><EndPos FileId="F_34" Row="368" Column="57"/></Statement><Statement><StartPos FileId="F_34" Row="369" Column="12"/><EndPos FileId="F_34" Row="369" Column="42"/></Statement><Statement><StartPos FileId="F_34" Row="370" Column="12"/><EndPos FileId="F_34" Row="370" Column="36"/></Statement><Statement><StartPos FileId="F_34" Row="371" Column="22"/><EndPos FileId="F_34" Row="374" Column="42"/></Statement><Statement><StartPos FileId="F_34" Row="376" Column="12"/><EndPos FileId="F_34" Row="376" Column="58"/></Statement><Statement><StartPos FileId="F_34" Row="377" Column="12"/><EndPos FileId="F_34" Row="377" Column="42"/></Statement><Statement><StartPos FileId="F_34" Row="378" Column="12"/><EndPos FileId="F_34" Row="378" Column="38"/></Statement><Statement><StartPos FileId="F_34" Row="379" Column="12"/><EndPos FileId="F_34" Row="379" Column="36"/></Statement><Statement><StartPos FileId="F_34" Row="380" Column="12"/><EndPos FileId="F_34" Row="382" Column="34"/></Statement><Statement><StartPos FileId="F_34" Row="383" Column="12"/><EndPos FileId="F_34" Row="383" Column="41"/></Statement><FlowControlStatement><StartPos FileId="F_34" Row="384" Column="12"/><EndPos FileId="F_34" Row="384" Column="36"/><ParagraphRef IdRef="P_159"/></FlowControlStatement><Statement><StartPos FileId="F_34" Row="385" Column="22"/><EndPos FileId="F_34" Row="388" Column="42"/></Statement><Statement><StartPos FileId="F_34" Row="390" Column="12"/><EndPos FileId="F_34" Row="390" Column="57"/></Statement><Statement><StartPos FileId="F_34" Row="391" Column="12"/><EndPos FileId="F_34" Row="391" Column="42"/></Statement><Statement><StartPos FileId="F_34" Row="392" Column="12"/><EndPos FileId="F_34" Row="392" Column="36"/></Statement><Statement><StartPos FileId="F_34" Row="393" Column="22"/><EndPos FileId="F_34" Row="396" Column="42"/></Statement><Statement><StartPos FileId="F_34" Row="398" Column="12"/><EndPos FileId="F_34" Row="398" Column="58"/></Statement><Statement><StartPos FileId="F_34" Row="399" Column="12"/><EndPos FileId="F_34" Row="399" Column="42"/></Statement><Statement><StartPos FileId="F_34" Row="400" Column="12"/><EndPos FileId="F_34" Row="400" Column="38"/></Statement><Statement><StartPos FileId="F_34" Row="401" Column="12"/><EndPos FileId="F_34" Row="401" Column="36"/></Statement><Statement><StartPos FileId="F_34" Row="402" Column="12"/><EndPos FileId="F_34" Row="404" Column="34"/></Statement><Statement><StartPos FileId="F_34" Row="405" Column="12"/><EndPos FileId="F_34" Row="405" Column="41"/></Statement><FlowControlStatement><StartPos FileId="F_34" Row="406" Column="12"/><EndPos FileId="F_34" Row="406" Column="36"/><ParagraphRef IdRef="P_159"/></FlowControlStatement><Statement><StartPos FileId="F_34" Row="407" Column="22"/><EndPos FileId="F_34" Row="410" Column="42"/></Statement><Statement><StartPos FileId="F_34" Row="412" Column="12"/><EndPos FileId="F_34" Row="412" Column="57"/></Statement><Statement><StartPos FileId="F_34" Row="413" Column="12"/><EndPos FileId="F_34" Row="413" Column="42"/></Statement><Statement><StartPos FileId="F_34" Row="414" Column="12"/><EndPos FileId="F_34" Row="414" Column="36"/></Statement><Statement><StartPos FileId="F_34" Row="416" Column="22"/><EndPos FileId="F_34" Row="419" Column="42"/></Statement><Statement><StartPos FileId="F_34" Row="421" Column="12"/><EndPos FileId="F_34" Row="421" Column="58"/></Statement><Statement><StartPos FileId="F_34" Row="422" Column="12"/><EndPos FileId="F_34" Row="422" Column="42"/></Statement><Statement><StartPos FileId="F_34" Row="423" Column="12"/><EndPos FileId="F_34" Row="423" Column="50"/></Statement><Statement><StartPos FileId="F_34" Row="424" Column="12"/><EndPos FileId="F_34" Row="424" Column="36"/></Statement><Statement><StartPos FileId="F_34" Row="425" Column="12"/><EndPos FileId="F_34" Row="427" Column="34"/></Statement><Statement><StartPos FileId="F_34" Row="428" Column="12"/><EndPos FileId="F_34" Row="428" Column="41"/></Statement><FlowControlStatement><StartPos FileId="F_34" Row="429" Column="12"/><EndPos FileId="F_34" Row="429" Column="36"/><ParagraphRef IdRef="P_159"/></FlowControlStatement><Statement><StartPos FileId="F_34" Row="430" Column="22"/><EndPos FileId="F_34" Row="433" Column="42"/></Statement><Statement><StartPos FileId="F_34" Row="435" Column="12"/><EndPos FileId="F_34" Row="435" Column="57"/></Statement><Statement><StartPos FileId="F_34" Row="436" Column="12"/><EndPos FileId="F_34" Row="436" Column="42"/></Statement><Statement><StartPos FileId="F_34" Row="437" Column="12"/><EndPos FileId="F_34" Row="437" Column="36"/></Statement><Statement><StartPos FileId="F_34" Row="438" Column="22"/><EndPos FileId="F_34" Row="441" Column="42"/></Statement><Statement><StartPos FileId="F_34" Row="443" Column="12"/><EndPos FileId="F_34" Row="443" Column="58"/></Statement><Statement><StartPos FileId="F_34" Row="444" Column="12"/><EndPos FileId="F_34" Row="444" Column="42"/></Statement><Statement><StartPos FileId="F_34" Row="445" Column="12"/><EndPos FileId="F_34" Row="445" Column="50"/></Statement><Statement><StartPos FileId="F_34" Row="446" Column="12"/><EndPos FileId="F_34" Row="446" Column="36"/></Statement><Statement><StartPos FileId="F_34" Row="447" Column="12"/><EndPos FileId="F_34" Row="449" Column="34"/></Statement><Statement><StartPos FileId="F_34" Row="450" Column="12"/><EndPos FileId="F_34" Row="450" Column="41"/></Statement><FlowControlStatement><StartPos FileId="F_34" Row="451" Column="12"/><EndPos FileId="F_34" Row="451" Column="36"/><ParagraphRef IdRef="P_159"/></FlowControlStatement><Statement><StartPos FileId="F_34" Row="452" Column="22"/><EndPos FileId="F_34" Row="455" Column="42"/></Statement><Statement><StartPos FileId="F_34" Row="457" Column="12"/><EndPos FileId="F_34" Row="457" Column="57"/></Statement><Statement><StartPos FileId="F_34" Row="458" Column="12"/><EndPos FileId="F_34" Row="458" Column="42"/></Statement><Statement><StartPos FileId="F_34" Row="459" Column="12"/><EndPos FileId="F_34" Row="459" Column="36"/></Statement><Statement><StartPos FileId="F_34" Row="460" Column="22"/><EndPos FileId="F_34" Row="463" Column="42"/></Statement><Statement><StartPos FileId="F_34" Row="465" Column="12"/><EndPos FileId="F_34" Row="465" Column="58"/></Statement><Statement><StartPos FileId="F_34" Row="466" Column="12"/><EndPos FileId="F_34" Row="466" Column="42"/></Statement><Statement><StartPos FileId="F_34" Row="467" Column="12"/><EndPos FileId="F_34" Row="467" Column="50"/></Statement><Statement><StartPos FileId="F_34" Row="468" Column="12"/><EndPos FileId="F_34" Row="468" Column="36"/></Statement><Statement><StartPos FileId="F_34" Row="469" Column="12"/><EndPos FileId="F_34" Row="471" Column="34"/></Statement><Statement><StartPos FileId="F_34" Row="472" Column="12"/><EndPos FileId="F_34" Row="472" Column="41"/></Statement><FlowControlStatement><StartPos FileId="F_34" Row="473" Column="12"/><EndPos FileId="F_34" Row="473" Column="36"/><ParagraphRef IdRef="P_159"/></FlowControlStatement><Statement><StartPos FileId="F_34" Row="474" Column="22"/><EndPos FileId="F_34" Row="477" Column="42"/></Statement><Statement><StartPos FileId="F_34" Row="479" Column="12"/><EndPos FileId="F_34" Row="479" Column="57"/></Statement><Statement><StartPos FileId="F_34" Row="480" Column="12"/><EndPos FileId="F_34" Row="480" Column="42"/></Statement><Statement><StartPos FileId="F_34" Row="481" Column="12"/><EndPos FileId="F_34" Row="481" Column="36"/></Statement><Statement><StartPos FileId="F_34" Row="482" Column="22"/><EndPos FileId="F_34" Row="485" Column="42"/></Statement><Statement><StartPos FileId="F_34" Row="487" Column="12"/><EndPos FileId="F_34" Row="487" Column="58"/></Statement><Statement><StartPos FileId="F_34" Row="488" Column="12"/><EndPos FileId="F_34" Row="488" Column="42"/></Statement><Statement><StartPos FileId="F_34" Row="489" Column="12"/><EndPos FileId="F_34" Row="489" Column="50"/></Statement><Statement><StartPos FileId="F_34" Row="490" Column="12"/><EndPos FileId="F_34" Row="490" Column="36"/></Statement><Statement><StartPos FileId="F_34" Row="491" Column="12"/><EndPos FileId="F_34" Row="493" Column="34"/></Statement><Statement><StartPos FileId="F_34" Row="494" Column="12"/><EndPos FileId="F_34" Row="494" Column="41"/></Statement><FlowControlStatement><StartPos FileId="F_34" Row="495" Column="12"/><EndPos FileId="F_34" Row="495" Column="36"/><ParagraphRef IdRef="P_159"/></FlowControlStatement><Statement><StartPos FileId="F_34" Row="496" Column="22"/><EndPos FileId="F_34" Row="499" Column="42"/></Statement><Statement><StartPos FileId="F_34" Row="501" Column="12"/><EndPos FileId="F_34" Row="501" Column="57"/></Statement><Statement><StartPos FileId="F_34" Row="502" Column="12"/><EndPos FileId="F_34" Row="502" Column="42"/></Statement><Statement><StartPos FileId="F_34" Row="503" Column="12"/><EndPos FileId="F_34" Row="503" Column="36"/></Statement><Statement><StartPos FileId="F_34" Row="505" Column="22"/><EndPos FileId="F_34" Row="508" Column="42"/></Statement><Statement><StartPos FileId="F_34" Row="510" Column="12"/><EndPos FileId="F_34" Row="510" Column="58"/></Statement><Statement><StartPos FileId="F_34" Row="511" Column="12"/><EndPos FileId="F_34" Row="511" Column="42"/></Statement><Statement><StartPos FileId="F_34" Row="512" Column="12"/><EndPos FileId="F_34" Row="512" Column="50"/></Statement><Statement><StartPos FileId="F_34" Row="513" Column="12"/><EndPos FileId="F_34" Row="513" Column="36"/></Statement><Statement><StartPos FileId="F_34" Row="514" Column="12"/><EndPos FileId="F_34" Row="516" Column="34"/></Statement><Statement><StartPos FileId="F_34" Row="517" Column="12"/><EndPos FileId="F_34" Row="517" Column="41"/></Statement><FlowControlStatement><StartPos FileId="F_34" Row="518" Column="12"/><EndPos FileId="F_34" Row="518" Column="36"/><ParagraphRef IdRef="P_159"/></FlowControlStatement><Statement><StartPos FileId="F_34" Row="519" Column="22"/><EndPos FileId="F_34" Row="522" Column="42"/></Statement><Statement><StartPos FileId="F_34" Row="524" Column="12"/><EndPos FileId="F_34" Row="524" Column="57"/></Statement><Statement><StartPos FileId="F_34" Row="525" Column="12"/><EndPos FileId="F_34" Row="525" Column="42"/></Statement><Statement><StartPos FileId="F_34" Row="526" Column="12"/><EndPos FileId="F_34" Row="526" Column="36"/></Statement><Statement><StartPos FileId="F_34" Row="527" Column="22"/><EndPos FileId="F_34" Row="530" Column="42"/></Statement><Statement><StartPos FileId="F_34" Row="532" Column="12"/><EndPos FileId="F_34" Row="532" Column="58"/></Statement><Statement><StartPos FileId="F_34" Row="533" Column="12"/><EndPos FileId="F_34" Row="533" Column="42"/></Statement><Statement><StartPos FileId="F_34" Row="534" Column="12"/><EndPos FileId="F_34" Row="534" Column="50"/></Statement><Statement><StartPos FileId="F_34" Row="535" Column="12"/><EndPos FileId="F_34" Row="535" Column="36"/></Statement><Statement><StartPos FileId="F_34" Row="536" Column="12"/><EndPos FileId="F_34" Row="538" Column="34"/></Statement><Statement><StartPos FileId="F_34" Row="539" Column="12"/><EndPos FileId="F_34" Row="539" Column="41"/></Statement><FlowControlStatement><StartPos FileId="F_34" Row="540" Column="12"/><EndPos FileId="F_34" Row="540" Column="36"/><ParagraphRef IdRef="P_159"/></FlowControlStatement><Statement><StartPos FileId="F_34" Row="541" Column="22"/><EndPos FileId="F_34" Row="544" Column="42"/></Statement><Statement><StartPos FileId="F_34" Row="546" Column="12"/><EndPos FileId="F_34" Row="546" Column="57"/></Statement><Statement><StartPos FileId="F_34" Row="547" Column="12"/><EndPos FileId="F_34" Row="547" Column="42"/></Statement><Statement><StartPos FileId="F_34" Row="548" Column="12"/><EndPos FileId="F_34" Row="548" Column="36"/></Statement><Statement><StartPos FileId="F_34" Row="549" Column="22"/><EndPos FileId="F_34" Row="552" Column="42"/></Statement><Statement><StartPos FileId="F_34" Row="554" Column="12"/><EndPos FileId="F_34" Row="554" Column="58"/></Statement><Statement><StartPos FileId="F_34" Row="555" Column="12"/><EndPos FileId="F_34" Row="555" Column="42"/></Statement><Statement><StartPos FileId="F_34" Row="556" Column="12"/><EndPos FileId="F_34" Row="556" Column="50"/></Statement><Statement><StartPos FileId="F_34" Row="557" Column="12"/><EndPos FileId="F_34" Row="557" Column="36"/></Statement><Statement><StartPos FileId="F_34" Row="558" Column="12"/><EndPos FileId="F_34" Row="560" Column="34"/></Statement><Statement><StartPos FileId="F_34" Row="561" Column="12"/><EndPos FileId="F_34" Row="561" Column="41"/></Statement><FlowControlStatement><StartPos FileId="F_34" Row="562" Column="12"/><EndPos FileId="F_34" Row="562" Column="36"/><ParagraphRef IdRef="P_159"/></FlowControlStatement><Statement><StartPos FileId="F_34" Row="563" Column="22"/><EndPos FileId="F_34" Row="566" Column="42"/></Statement><Statement><StartPos FileId="F_34" Row="568" Column="12"/><EndPos FileId="F_34" Row="568" Column="57"/></Statement><Statement><StartPos FileId="F_34" Row="569" Column="12"/><EndPos FileId="F_34" Row="569" Column="42"/></Statement><Statement><StartPos FileId="F_34" Row="570" Column="12"/><EndPos FileId="F_34" Row="570" Column="36"/></Statement><Statement><StartPos FileId="F_34" Row="571" Column="22"/><EndPos FileId="F_34" Row="574" Column="42"/></Statement><Statement><StartPos FileId="F_34" Row="576" Column="12"/><EndPos FileId="F_34" Row="576" Column="58"/></Statement><Statement><StartPos FileId="F_34" Row="577" Column="12"/><EndPos FileId="F_34" Row="577" Column="42"/></Statement><Statement><StartPos FileId="F_34" Row="578" Column="12"/><EndPos FileId="F_34" Row="578" Column="50"/></Statement><Statement><StartPos FileId="F_34" Row="579" Column="12"/><EndPos FileId="F_34" Row="579" Column="36"/></Statement><Statement><StartPos FileId="F_34" Row="580" Column="12"/><EndPos FileId="F_34" Row="582" Column="34"/></Statement><Statement><StartPos FileId="F_34" Row="583" Column="12"/><EndPos FileId="F_34" Row="583" Column="41"/></Statement><FlowControlStatement><StartPos FileId="F_34" Row="584" Column="12"/><EndPos FileId="F_34" Row="584" Column="36"/><ParagraphRef IdRef="P_159"/></FlowControlStatement><Statement><StartPos FileId="F_34" Row="585" Column="22"/><EndPos FileId="F_34" Row="588" Column="42"/></Statement><Statement><StartPos FileId="F_34" Row="590" Column="12"/><EndPos FileId="F_34" Row="590" Column="57"/></Statement><Statement><StartPos FileId="F_34" Row="591" Column="12"/><EndPos FileId="F_34" Row="591" Column="42"/></Statement><Statement><StartPos FileId="F_34" Row="592" Column="12"/><EndPos FileId="F_34" Row="592" Column="36"/></Statement><Statement><StartPos FileId="F_34" Row="594" Column="22"/><EndPos FileId="F_34" Row="597" Column="42"/></Statement><Statement><StartPos FileId="F_34" Row="599" Column="12"/><EndPos FileId="F_34" Row="599" Column="58"/></Statement><Statement><StartPos FileId="F_34" Row="600" Column="12"/><EndPos FileId="F_34" Row="600" Column="42"/></Statement><Statement><StartPos FileId="F_34" Row="601" Column="12"/><EndPos FileId="F_34" Row="601" Column="50"/></Statement><Statement><StartPos FileId="F_34" Row="602" Column="12"/><EndPos FileId="F_34" Row="602" Column="36"/></Statement><Statement><StartPos FileId="F_34" Row="603" Column="12"/><EndPos FileId="F_34" Row="605" Column="34"/></Statement><Statement><StartPos FileId="F_34" Row="606" Column="12"/><EndPos FileId="F_34" Row="606" Column="41"/></Statement><FlowControlStatement><StartPos FileId="F_34" Row="607" Column="12"/><EndPos FileId="F_34" Row="607" Column="36"/><ParagraphRef IdRef="P_159"/></FlowControlStatement><Statement><StartPos FileId="F_34" Row="608" Column="22"/><EndPos FileId="F_34" Row="611" Column="42"/></Statement><Statement><StartPos FileId="F_34" Row="613" Column="12"/><EndPos FileId="F_34" Row="613" Column="57"/></Statement><Statement><StartPos FileId="F_34" Row="614" Column="12"/><EndPos FileId="F_34" Row="614" Column="42"/></Statement><Statement><StartPos FileId="F_34" Row="615" Column="12"/><EndPos FileId="F_34" Row="615" Column="36"/></Statement><Statement><StartPos FileId="F_34" Row="616" Column="22"/><EndPos FileId="F_34" Row="619" Column="42"/></Statement><Statement><StartPos FileId="F_34" Row="621" Column="12"/><EndPos FileId="F_34" Row="621" Column="58"/></Statement><Statement><StartPos FileId="F_34" Row="622" Column="12"/><EndPos FileId="F_34" Row="622" Column="42"/></Statement><Statement><StartPos FileId="F_34" Row="623" Column="12"/><EndPos FileId="F_34" Row="623" Column="50"/></Statement><Statement><StartPos FileId="F_34" Row="624" Column="12"/><EndPos FileId="F_34" Row="624" Column="36"/></Statement><Statement><StartPos FileId="F_34" Row="625" Column="12"/><EndPos FileId="F_34" Row="627" Column="34"/></Statement><Statement><StartPos FileId="F_34" Row="628" Column="12"/><EndPos FileId="F_34" Row="628" Column="41"/></Statement><FlowControlStatement><StartPos FileId="F_34" Row="629" Column="12"/><EndPos FileId="F_34" Row="629" Column="36"/><ParagraphRef IdRef="P_159"/></FlowControlStatement><Statement><StartPos FileId="F_34" Row="630" Column="22"/><EndPos FileId="F_34" Row="633" Column="42"/></Statement><Statement><StartPos FileId="F_34" Row="635" Column="12"/><EndPos FileId="F_34" Row="635" Column="57"/></Statement><Statement><StartPos FileId="F_34" Row="636" Column="12"/><EndPos FileId="F_34" Row="636" Column="42"/></Statement><Statement><StartPos FileId="F_34" Row="637" Column="12"/><EndPos FileId="F_34" Row="637" Column="36"/></Statement><Statement><StartPos FileId="F_34" Row="638" Column="22"/><EndPos FileId="F_34" Row="641" Column="42"/></Statement><Statement><StartPos FileId="F_34" Row="643" Column="12"/><EndPos FileId="F_34" Row="643" Column="58"/></Statement><Statement><StartPos FileId="F_34" Row="644" Column="12"/><EndPos FileId="F_34" Row="644" Column="42"/></Statement><Statement><StartPos FileId="F_34" Row="645" Column="12"/><EndPos FileId="F_34" Row="645" Column="50"/></Statement><Statement><StartPos FileId="F_34" Row="646" Column="12"/><EndPos FileId="F_34" Row="646" Column="36"/></Statement><Statement><StartPos FileId="F_34" Row="647" Column="12"/><EndPos FileId="F_34" Row="649" Column="34"/></Statement><Statement><StartPos FileId="F_34" Row="650" Column="12"/><EndPos FileId="F_34" Row="650" Column="41"/></Statement><FlowControlStatement><StartPos FileId="F_34" Row="651" Column="12"/><EndPos FileId="F_34" Row="651" Column="36"/><ParagraphRef IdRef="P_159"/></FlowControlStatement><Statement><StartPos FileId="F_34" Row="652" Column="22"/><EndPos FileId="F_34" Row="655" Column="42"/></Statement><Statement><StartPos FileId="F_34" Row="657" Column="12"/><EndPos FileId="F_34" Row="657" Column="57"/></Statement><Statement><StartPos FileId="F_34" Row="658" Column="12"/><EndPos FileId="F_34" Row="658" Column="42"/></Statement><Statement><StartPos FileId="F_34" Row="659" Column="12"/><EndPos FileId="F_34" Row="659" Column="36"/></Statement><Statement><StartPos FileId="F_34" Row="662" Column="22"/><EndPos FileId="F_34" Row="665" Column="42"/></Statement><Statement><StartPos FileId="F_34" Row="667" Column="12"/><EndPos FileId="F_34" Row="667" Column="42"/></Statement><Statement><StartPos FileId="F_34" Row="668" Column="12"/><EndPos FileId="F_34" Row="668" Column="36"/></Statement><Statement><StartPos FileId="F_34" Row="670" Column="12"/><EndPos FileId="F_34" Row="670" Column="45"/></Statement><Statement><StartPos FileId="F_34" Row="671" Column="12"/><EndPos FileId="F_34" Row="671" Column="45"/></Statement><Statement><StartPos FileId="F_34" Row="672" Column="12"/><EndPos FileId="F_34" Row="672" Column="36"/></Statement><Statement><StartPos FileId="F_34" Row="673" Column="12"/><EndPos FileId="F_34" Row="673" Column="36"/></Statement><Statement><StartPos FileId="F_34" Row="674" Column="12"/><EndPos FileId="F_34" Row="676" Column="34"/></Statement><Statement><StartPos FileId="F_34" Row="677" Column="12"/><EndPos FileId="F_34" Row="677" Column="41"/></Statement><FlowControlStatement><StartPos FileId="F_34" Row="678" Column="12"/><EndPos FileId="F_34" Row="678" Column="36"/><ParagraphRef IdRef="P_159"/></FlowControlStatement><Statement><StartPos FileId="F_34" Row="680" Column="12"/><EndPos FileId="F_34" Row="682" Column="34"/></Statement><Statement><StartPos FileId="F_34" Row="683" Column="12"/><EndPos FileId="F_34" Row="683" Column="41"/></Statement><FlowControlStatement><StartPos FileId="F_34" Row="684" Column="12"/><EndPos FileId="F_34" Row="684" Column="36"/><ParagraphRef IdRef="P_159"/></FlowControlStatement><Statement><StartPos FileId="F_34" Row="685" Column="12"/><EndPos FileId="F_34" Row="687" Column="34"/></Statement><Statement><StartPos FileId="F_34" Row="688" Column="12"/><EndPos FileId="F_34" Row="688" Column="41"/></Statement><FlowControlStatement><StartPos FileId="F_34" Row="689" Column="12"/><EndPos FileId="F_34" Row="689" Column="36"/><ParagraphRef IdRef="P_159"/></FlowControlStatement><Statement><StartPos FileId="F_34" Row="690" Column="12"/><EndPos FileId="F_34" Row="692" Column="34"/></Statement><Statement><StartPos FileId="F_34" Row="693" Column="12"/><EndPos FileId="F_34" Row="693" Column="41"/></Statement><FlowControlStatement><StartPos FileId="F_34" Row="694" Column="12"/><EndPos FileId="F_34" Row="694" Column="36"/><ParagraphRef IdRef="P_159"/></FlowControlStatement><Statement><StartPos FileId="F_34" Row="695" Column="12"/><EndPos FileId="F_34" Row="697" Column="34"/></Statement><Statement><StartPos FileId="F_34" Row="698" Column="12"/><EndPos FileId="F_34" Row="698" Column="41"/></Statement><FlowControlStatement><StartPos FileId="F_34" Row="699" Column="12"/><EndPos FileId="F_34" Row="699" Column="36"/><ParagraphRef IdRef="P_159"/></FlowControlStatement><Statement><StartPos FileId="F_34" Row="703" Column="22"/><EndPos FileId="F_34" Row="703" Column="46"/></Statement><Statement><StartPos FileId="F_34" Row="705" Column="12"/><EndPos FileId="F_34" Row="705" Column="32"/></Statement><Statement><StartPos FileId="F_34" Row="708" Column="22"/><EndPos FileId="F_34" Row="708" Column="28"/></Statement></Statements></Paragraph><Paragraph id="P_157" Name="A-EXIT" FallThrough="0"><StartPos FileId="F_34" Row="711" Column="8"/><EndPos FileId="F_34" Row="711" Column="14"/><Statements><ExitStatement><StartPos FileId="F_34" Row="712" Column="12"/><EndPos FileId="F_34" Row="712" Column="16"/></ExitStatement><ExitStatement><StartPos FileId="F_34" Row="713" Column="12"/><EndPos FileId="F_34" Row="713" Column="18"/></ExitStatement></Statements></Paragraph><Paragraph id="P_158" Name="Tran-Rate-Interval" FallThrough="0"><StartPos FileId="F_34" Row="715" Column="8"/><EndPos FileId="F_34" Row="715" Column="26"/><Statements><Statement><StartPos FileId="F_34" Row="717" Column="12"/><EndPos FileId="F_34" Row="719" Column="34"/></Statement><Statement><StartPos FileId="F_34" Row="720" Column="22"/><EndPos FileId="F_34" Row="724" Column="35"/></Statement><IfStatement><StartPos FileId="F_34" Row="726" Column="12"/><EndPos FileId="F_34" Row="726" Column="44"/><Then><Statement><StartPos FileId="F_34" Row="727" Column="13"/><EndPos FileId="F_34" Row="727" Column="37"/></Statement></Then></IfStatement><Statement><StartPos FileId="F_34" Row="729" Column="22"/><EndPos FileId="F_34" Row="730" Column="35"/></Statement><Statement><StartPos FileId="F_34" Row="733" Column="12"/><EndPos FileId="F_34" Row="733" Column="39"/></Statement><Statement><StartPos FileId="F_34" Row="734" Column="22"/><EndPos FileId="F_34" Row="737" Column="35"/></Statement><Statement><StartPos FileId="F_34" Row="739" Column="12"/><EndPos FileId="F_34" Row="739" Column="35"/></Statement><Statement><StartPos FileId="F_34" Row="740" Column="12"/><EndPos FileId="F_34" Row="740" Column="35"/></Statement><Statement><StartPos FileId="F_34" Row="741" Column="12"/><EndPos FileId="F_34" Row="741" Column="35"/></Statement><Statement><StartPos FileId="F_34" Row="742" Column="12"/><EndPos FileId="F_34" Row="744" Column="38"/></Statement><Statement><StartPos FileId="F_34" Row="745" Column="12"/><EndPos FileId="F_34" Row="745" Column="35"/></Statement><Statement><StartPos FileId="F_34" Row="746" Column="12"/><EndPos FileId="F_34" Row="746" Column="35"/></Statement><Statement><StartPos FileId="F_34" Row="747" Column="12"/><EndPos FileId="F_34" Row="747" Column="35"/></Statement><Statement><StartPos FileId="F_34" Row="748" Column="12"/><EndPos FileId="F_34" Row="750" Column="38"/></Statement><Statement><StartPos FileId="F_34" Row="751" Column="12"/><EndPos FileId="F_34" Row="751" Column="53"/></Statement><Statement><StartPos FileId="F_34" Row="752" Column="12"/><EndPos FileId="F_34" Row="752" Column="37"/></Statement><Statement><StartPos FileId="F_34" Row="753" Column="12"/><EndPos FileId="F_34" Row="755" Column="34"/></Statement><Statement><StartPos FileId="F_34" Row="756" Column="22"/><EndPos FileId="F_34" Row="759" Column="35"/></Statement><Statement><StartPos FileId="F_34" Row="761" Column="22"/><EndPos FileId="F_34" Row="764" Column="35"/></Statement><ExitStatement><StartPos FileId="F_34" Row="767" Column="12"/><EndPos FileId="F_34" Row="767" Column="16"/></ExitStatement></Statements></Paragraph><Paragraph id="P_159" Name="Tran-Rate-Counts" FallThrough="0"><StartPos FileId="F_34" Row="769" Column="8"/><EndPos FileId="F_34" Row="769" Column="24"/><Statements><Statement><StartPos FileId="F_34" Row="771" Column="22"/><EndPos FileId="F_34" Row="775" Column="35"/></Statement><Statement><StartPos FileId="F_34" Row="777" Column="12"/><EndPos FileId="F_34" Row="777" Column="40"/></Statement><Statement><StartPos FileId="F_34" Row="778" Column="22"/><EndPos FileId="F_34" Row="779" Column="35"/></Statement><Statement><StartPos FileId="F_34" Row="782" Column="12"/><EndPos FileId="F_34" Row="782" Column="40"/></Statement><Statement><StartPos FileId="F_34" Row="783" Column="22"/><EndPos FileId="F_34" Row="786" Column="35"/></Statement><Statement><StartPos FileId="F_34" Row="788" Column="12"/><EndPos FileId="F_34" Row="788" Column="41"/></Statement><Statement><StartPos FileId="F_34" Row="789" Column="22"/><EndPos FileId="F_34" Row="792" Column="35"/></Statement><Statement><StartPos FileId="F_34" Row="794" Column="12"/><EndPos FileId="F_34" Row="794" Column="50"/></Statement><Statement><StartPos FileId="F_34" Row="795" Column="12"/><EndPos FileId="F_34" Row="795" Column="41"/></Statement><Statement><StartPos FileId="F_34" Row="796" Column="22"/><EndPos FileId="F_34" Row="799" Column="35"/></Statement><ExitStatement><StartPos FileId="F_34" Row="802" Column="12"/><EndPos FileId="F_34" Row="802" Column="16"/></ExitStatement></Statements></Paragraph></Section></Sections></FlowChart>
